c1_name,c2_name,n_items,median_price_usd,example_titles,moveon_category,moveon_item_type,decision,review_reason
Seasonal decor,Halloween,414,30.775,Peanuts Snoopy Pumpkin Mug | Spirit Halloween 2013 Dead Humor (Fully Working) | Vintage blow mold devil head,Home Decor,Seasonal Decorations,REVIEW,"In scope as home decor; seasonal or collectible listings may have distinct price dynamics. Review title to distinguish decor from mugs, costumes, and other item types before modeling."
Home decor,Home decor accents,324,18.0,"McCarty Pottery | 4X Farmhouse coastal 4"" faux starfish for Rae dunn tier tray decor | 6 Pack Dusty Blue Cheesecloth Table Runner Gauze Table Runner 10FT Lon",Home Decor,Decorative Accessories,REVIEW,"Broad/mixed decor or missing subtype; title review required, never auto-label as a single concrete type."
Seasonal decor,Christmas,203,31.35,Santa serving set | 2019 Hallmark Keepsake Ornament -U.S.S. Enterprise NCC-1701 - The Moti | Pioneer woman rosy toile candy dish,Home Decor,Seasonal Decorations,REVIEW,"In scope as home decor; seasonal or collectible listings may have distinct price dynamics. Review title to distinguish decor from mugs, costumes, and other item types before modeling."
Kitchen Drinkware,Tumblers,177,42.0,Tumbler | Stanley Adventure Quencher 40 oz Rose Quartz Glow 2.0 | Starbucks recycled glass mug,Kitchen & Dining,Bottles & Tumblers,KEEP,Drinkware group; brands/collectibles may strongly affect price.
Kitchen Drinkware,Coffee Mugs,113,17.0,NWT Rae Dunn Halloween Mug and Topper | Rae Dunn Marshmallow and Cocoa Set | Rae Dunn Pray mug,Kitchen & Dining,Mugs & Cups,KEEP,Drinkware group; include title for price distinctions.
Home decor,Home Candles,77,23.0,Goose creek poison cupcake candle | BATH& BODY WORKS WINTER CANDLE APPLE SET | Bath and Body Works Candle,Home Decor,Candles,REVIEW,"In scope as home decor, but verify usable candle listings, quantity, and condition; avoid automatically treating consumables as typical used durable goods."
Home decor,Home fragrance,69,23.0,"Scentsy perk me up wax bar | Scentsy Scent Circles Set of 2 | Scentsy  Churro, Churro! Room Spray",Home Decor,Home Fragrance,REVIEW,"Potentially in-scope home fragrance products; review title, quantity, and condition. Some may be consumables rather than reusable home goods."
Other,,50,24.5,"50 First Strike Soft Bait Packs Mouse Mice Rat Bait Arrives in 2-3 Day | 10 Inch Stainless Steel (BBQ) Barbecue Tool Rack, for Blackstone Flat  | 20 Contrac Place Packs .88 oz Mouse Mice Rat Voles Bait Blocks 2-3 Day",,,EXCLUDE,Unclassified heterogeneous Home products; examples include pest-control products.
Kitchen Dinnerware,,49,23.0,Tupperware Cake Taker | Vintage Pfaltzgraff WINDSONG DINNER Plate Set 8 White with Blue and | Pfaltzgraff WINDSONG Rim Cereal Bowl (s) set of 7Pink Blue Flowers Sto,Kitchen & Dining,Dinnerware,REVIEW,Missing subtype and potentially mixed storage/serving items.
Artwork,Posters,47,20.0,panic at the disco poster | KISS vintage Double Platinum Album Promo Poster Aucoin 1978 12x18 (No  | B2 Tapestry Doujin Goods Anime Girl Amairo Chocolate Misono Ichika,Home Decor,Wall Art & Frames,KEEP,Wall art/prints; collectibles may be price outliers.
Kitchen Drinkware,Water Bottles,46,25.0,Water bottle | Path Squidward water bottle | GX Gatorade Christian Pulisic Bottle NWT,Kitchen & Dining,Bottles & Tumblers,KEEP,Drinkware group; brands/collectibles may strongly affect price.
Home appliances,Kitchen appliances,44,45.5,KitchenAid Hand Blender - Silver | Hamilton Beach Sure-Crisp Air Fryer Toaster Oven | Dog Treat Maker,Appliances,Kitchen Appliance,REVIEW,Different appliances and replacement parts mixed together; classify from title before use.
Bedding,Bed Sheets,36,38.0,"4 Embroidered Pillowcases, white | Uncommon Beauty Triple Effect Eye Cream | Nestwell™ Cotton Percale 400-Thread-Count California King Fitted Sheet",Bedding & Bath,Sheets & Pillowcases,KEEP,Textiles; confirm exact set composition.
Bedding,Throws,34,34.0,Hand Knit Crochet Throw Afghan Blanket Vintage Granny Teal Pink Purple | Lot New 5 Ft Beach Towel Sun Squad Watermelon Shark Sloth | UGG COCO Throw,Bedding & Bath,Blankets & Comforters,KEEP,Bedding textile group.
Kitchen Coffee & Espresso Makers,,34,35.0,Rae Dunn Mermaid mug | Scorpio Mug | Rae Dunn mugs,,,REVIEW,"Blank source subtype contains many mugs, not necessarily coffee machines. Cannot auto-map."
Kitchen Storage,Food Storage Containers,30,17.55,Bento box | Vintage Rubbermaid Salt & Pepper Shakers  Set of 2 (Box G) | Lunchbox,Kitchen & Dining,Food Storage,KEEP,Storage containers/canisters; confirm reusable physical goods.
Bath,Bathroom accessories,28,19.5,Shower Tub Kit | Kohler Layne Elongated Toilet Seat GC2 | 5 Piece shower set,Bedding & Bath,Bathroom Accessories,REVIEW,Very heterogeneous fixtures/toilet seats/shower kits; review for core MoveOn goods.
Bedding,Blankets,26,35.55,Billie Eilish Blosh Hot Topic Blanket | Taylor Swift Alomama Fans Blanket | mario brothers reversible comforter blanket,Bedding & Bath,Blankets & Comforters,KEEP,Bedding textile group.
Home decor,Home Decor Lighting,25,28.0,Gingko Light Baton Smart Motion Censored | Plug in Chandelier Night Light | 2 Boxes Rattan String Lights,Home Decor,Lamp & Lighting,KEEP,Source fine-grained subtype reasonably matches target; spot-check mislabeled listings.
Storage & organization,Jewelry boxes & organizers,24,18.5,Tiffany & Co. Gift Box Set with Dust Bag | Wire Cap Display Racks (24) For Slat Wall | Vintage Musical Jewelry Chest Box with Ballerina,Storage & Organization,Jewelry Storage,REVIEW,"Check titles: several storage subtypes include empty gift boxes, bags, or hardware components."
Home decor,Decorative pillows,23,20.0,PINK Decrotive Pillow | Rockinz Pillows Set of 2 Bundle NWT | Decorative pillow,Home Decor,Decorative Pillow,KEEP,Source fine-grained subtype reasonably matches target; spot-check mislabeled listings.
Kitchen Storage,Kitchen Canisters,23,21.0,"The Pioneer Woman Cassie Glass Canister 3 Pc Set, Rose | Vintage Wood Flour Canister Boho MCM Farmhouse | Rae Dunn Hocus Pocus canister",Kitchen & Dining,Food Storage,KEEP,Storage containers/canisters; confirm reusable physical goods.
Home decor,Candle Holders,22,21.5,"BBW Glass Butterfly 3 Wick Candle Holder | Fiestaware Black Round Bulb Candle Holders Fiesta Retired Single Candl | Epic Gothic Wall Candle Sconce, Gothic Wall Decor1960’s",Home Decor,Decorative Accessories,KEEP,Source fine-grained subtype reasonably matches target; spot-check mislabeled listings.
Party Supplies,Party Decorations,21,11.0,"7Pcs  Reusable Grocery shopping tote bag, 13X12x8  black cricut blanks | Rainbow Theme 83 Pieces Serves 16 Party Supplies | 52"" X 90"" Tiki Flannel Back Tablecover Luau Beach Hawaiian Party Decor",,,EXCLUDE,Out of core secondhand home-goods pricing scope; mostly seasonal/party/parts/accessories. Reconsider if product scope expands.
Home decor,Picture Frames,20,17.0,boston red sox 5 x 7 picture frame please read profile | Bear Metal Frame | Rae Dunn BEST TEACHER EVER Photo Frame,Home Decor,Wall Art & Frames,KEEP,Source fine-grained subtype reasonably matches target; spot-check mislabeled listings.
Cleaning supplies,Household cleaners,18,19.5,Scentsy Counter Clean Sunkissed Citrus | Amway Legacy of Clean Prewash Spray Canister 12.3oz New 2Pack(12.3 Oz) | 3M Quat Disinfectant Cleaner Concentrate 25A 0.5 Gallons 1.9 Liters,,,EXCLUDE,Mostly consumable cleaning products; do not treat as durable appliances.
Home decor,Home Decor Lamps,18,20.0,table lamps | Table Lamp | Lava lamp light,Home Decor,Lamp & Lighting,KEEP,Source fine-grained subtype reasonably matches target; spot-check mislabeled listings.
Home decor,,17,25.0,Serena & Lily Island Palm Wallpaper - Sky | Pioneer woman Beaded Wall Clock brand new! | Genie lamp decor,Home Decor,Decorative Accessories,REVIEW,"Broad/mixed decor or missing subtype; title review required, never auto-label as a single concrete type."
Kitchen Cookware,,17,40.0,Iron Skillet Pans | Vida Sana 13” | Blue Rhino Grilling 3 piece tool set,Kitchen & Dining,Cookware,REVIEW,Generic/miscoded cookware category; inspect title.
Bedding,Comforter Sets,16,51.0,Reversible comforter | Flamingo Dance Quilt Set Full/Queen | Printed Terracotta Threshold Target King Comfroter set BRAND NEW cotto,Bedding & Bath,Blankets & Comforters,KEEP,Bedding textile group.
Home appliances,Vacuums,16,71.5,Kenmore hose bu40xx | Bissell Crosswave Cordless Max 2554A | Kenmore 116 Whispertone Power Mate Canister Vacuum Electric Wand Exten,Appliances,Vacuum,KEEP,Some listings are accessories/parts; flag during title QC.
Kids' home store,Kids' bedding,15,22.0,Justice Unisex Colorful Emoji Hooded Blanket Robe | Toy story toddler bed set | Pottery Barn Drapes and Shams,Bedding & Bath,Blankets & Comforters,REVIEW,"May be kids blankets, curtains, sets or robes; inspect title."
Bedding,Quilts,14,45.5,Blanket | California King Oversized Quilt Set - Purple | Threshold Seersucker Micro Stripe Quilt King,Bedding & Bath,Blankets & Comforters,KEEP,Bedding textile group.
Home decor,Window treatments,12,21.5,Waverly rod pocket panels Williamsburg Garden Images | Opalhouse Blush Velvet Curtain Panel with Orange Tassels 54x84 2 panel | Laura Ashley king quilt set,Home Decor,Curtains & Window Treatments,KEEP,Source fine-grained subtype reasonably matches target; spot-check mislabeled listings.
Kitchen & dining,Water Filters,11,25.0,Whirlpool F2WC9I1 ICE 2 Ice Maker Water Filter New Genuine Sealed sing | Tank filters | 2 Packs EveryDrop Water Filter 1 EDR1RXD1 compatible with Whirlpool,,,EXCLUDE,Replacement filters/consumables are out of core scope.
Artwork,Art Prints,10,22.5,Milk Mocha reading Poster | Scott C The New Friends Nic Cage Pedro Pascal Great Showdowns Print | Reiq Juri Han Street Fighter 6 24 x 36 Lustre Print Material Art Print,Home Decor,Wall Art & Frames,KEEP,Wall art/prints; collectibles may be price outliers.
Home appliances,Beverage Coolers,10,16.0,Watermelom backpack cooler parks camping beach | BRAND NEW cooler | Brand New Igloo Vacuum Insulated Stainless Steel 64oz Thermos Jug w/ T,Appliances,,REVIEW,Broad/mixed appliance or potentially non-electric coolers; inspect title and item completeness.
Kitchen Dinnerware,Bowls,10,30.5,Johnson Brothers SUMMER CHINTZ  England Earthenware Round Cereal Bowls | Pier 1 pasta bowl xlarge | Disney Parks Homestead Mickey Icon set of 4 Bowls,Kitchen & Dining,Dinnerware,KEEP,"Direct dinnerware subtype, but spot-check mixed sets."
Seasonal decor,Patriotic,10,16.5,Target Bullseye Playground Patriotic 4th of July Bike Figural | Target Summer 2023 Felt Bird Bundle | 7pc July 4th Fourth Tier Tray America Lot Decor,Home Decor,Seasonal Decorations,REVIEW,"In scope as home decor; seasonal or collectible listings may have distinct price dynamics. Review title to distinguish decor from mugs, costumes, and other item types before modeling."
Bath,Towels,9,12.0,tsum tsum beach towel | Shu itsuki decorative towel | New Disney Store Olaf Beach Towel,Bedding & Bath,Bath Towels,KEEP,Home bath linens.
Home decor,Other,9,17.0,Fashion Interiors summer beach theme cotton tablecloth 60x84 shells bi | Small water fountain | SANRIO Kuromi Ichiban Kuji Prize Devil Mat,Home Decor,Decorative Accessories,REVIEW,"Broad/mixed decor or missing subtype; title review required, never auto-label as a single concrete type."
Home decor,Wax Melts,9,12.0,Better Home & Gardens Birchwood Bonfire Wax Melt Cubes 4 Pack | Yankee Candle Vanilla Lime Tart Wax Melts Vanilla Zesty Lime 0.8 oz. L | Yankee Candle tealight warmer,Home Decor,Home Fragrance,REVIEW,"Potentially in-scope home fragrance products; review title, quantity, and condition. Some may be consumables rather than reusable home goods."
Kitchen Utensils,Measuring Cups,9,18.05,Strawberries measuring cups | Pink Kitchen Aid measuring cups | Measuring cups/spoons,Kitchen & Dining,Kitchen Utensils & Tools,KEEP,Reusable kitchen utensil/tool subtype; spot-check individual listings.
Home appliances,Air purifiers,8,37.0,"TaoTronics Home Air Purifier AP007 | BLAUX Portable AC Water Curtain Replaceable Changeable Water Curtain F | Filtrete 18x24x1, AC Furnace Air Filter, MPR 1500, Healthy Living Ultr",Appliances,Air Care & Climate,REVIEW,Listings may be replacement parts or miscoded non-appliances; title review advised.
Kitchen Bakeware,,8,12.5,RAPUNZEL cookie cutter 4475 | Disney Mickey Mouse mini cookie cutters | Wilton Romantic Castle Cake Set - Complete 32 Piece Set Baking Birthda,Kitchen & Dining,Bakeware,REVIEW,Empty subtype may contain decorations/accessories.
Kitchen Cookware,Cookware Sets,8,59.0,Tfal stock pot/ cookware | D & W Complete 17 Piece Black Cookware Bundle | D & W Skillet Bundle x 3,Kitchen & Dining,Cookware,KEEP,Recognizable cookware.
Seasonal decor,Thanksgiving,8,20.5,Rae Dunn Snoopy thanksgiving salt pepper shakers | Rae Dunn THANKFUL Gnome Thanksgiving | Publix Pilgrim and Lilgrim Pair Family 2015,Home Decor,Seasonal Decorations,REVIEW,"In scope as home decor; seasonal or collectible listings may have distinct price dynamics. Review title to distinguish decor from mugs, costumes, and other item types before modeling."
Home decor,Clocks,7,84.0,Vintage InColay Stone Clock | New In Box Seiko Melodies In Motion Wall Clock Swarovsk 12 Songs-6 Xma | COCA COLA WOODEN CRATE TURNTABLE CD PLAYER/RADIO CLOCK,Home Decor,Clock,KEEP,Source fine-grained subtype reasonably matches target; spot-check mislabeled listings.
Home decor,Tapestries,7,11.0,Tapestry arts & architecture | dangers of pot tapestry | AEO Apt Floral Mandala Tapestry,Home Decor,Wall Art & Frames,KEEP,Source fine-grained subtype reasonably matches target; spot-check mislabeled listings.
Kitchen Serveware,Serving Bowls,7,24.0,"serving platter | ☀️NEW 2023☀️TERRAMOTO COLOR☀️FIVE DIFFERENT SIZE BOWLS!☀️AWESOME COLOR | Girl Meets Farm by Molly Yeh set of 4 glass containers W/ spoon. NEW, ",Kitchen & Dining,Servingware,KEEP,Recognizable reusable servingware subtype; individual listings can still be misclassified.
Kitchen Serveware,Serving Platters,7,15.0,"Amscan Party City Football Serving Tray | Publix Thanksgiving The Pilgrim Pair Serving Platter 18” X 13"" Fall Ha | Mud Pie ceramic and clay pumpkin serving tray- new",Kitchen & Dining,Servingware,KEEP,Recognizable reusable servingware subtype; individual listings can still be misclassified.
Party Supplies,Greeting Cards & Invitations,7,12.0,Papyrus blank greeting card | 1995 Barbie Displayable Greeting Cards | Vintage Holiday Barbie Greeting Cards,,,EXCLUDE,Out of core secondhand home-goods pricing scope; mostly seasonal/party/parts/accessories. Reconsider if product scope expands.
Storage & organization,Clothing & closet storage,7,18.0,"wooden hangers (26 Count) | Tumi Garment Cover with Tumi hanger | New Tory Burch Logo Drawstring Canvas Dust Bag For Shoes, Belt, Handba",Storage & Organization,Closet Organizers,REVIEW,"Check titles: several storage subtypes include empty gift boxes, bags, or hardware components."
Home decor,Area Rugs,6,34.5,"Hello Kitty Rug | Peanuts Gang Snoopy 20""×32"" Christmas Accent Rug Non-Skid Back Christm | FINAL PRICE Rainbow Round Kids Play Rug Alphabet Nursery Area Rug Larg",Home Decor,Rug & Mat,KEEP,Source fine-grained subtype reasonably matches target; spot-check mislabeled listings.
Kitchen & Table Linens,Kitchen Towels,6,10.0,Kitchen Towels | Vintage hot pans towel | Mrs. & Mrs. Witch Kitchen towels x2 - wedding Buy cupcakes and cashmer,Kitchen & Dining,Kitchen & Table Linens,KEEP,Kitchen linens; title may be seasonal-themed but item is reusable.
Kitchen Baking & Cake Accessories,Cookie Cutters,6,13.0,Disney tangled cookie cutter set 1255 | UNIVERSITY OF ALABAMA A CRIMSON TIDE ROLL TIDE COOKIE CUTTER USA 705 | Wilton cookie pro ultra II cookie press. Like New. Never used.,Kitchen & Dining,Bakeware,KEEP,Reusable baking accessory.
Kitchen Gadgets & Tools,Salt & Pepper Shakers,6,14.0,Salt n pepa shakers | Heather Goodwin Ceramic Dog Salt and Pepper Shakers | Rae Dunn Chicken Salt and Pepper Shakers,Kitchen & Dining,Kitchen Utensils & Tools,KEEP,Reusable kitchen utensil/tool subtype; spot-check individual listings.
Kitchen Small Appliances,Blenders,6,41.695,NINJA Professional Blender Parts & Accessories Some New | New in Box Chefman Ultimate Blender with Bonus Set! | New Montel Williams Healthmaster Elite 1200W Blender Black & Stainless,Appliances,Kitchen Appliance,KEEP,Recognizable appliance subtype; title QC for parts/accessories and miscategorizations.
Seasonal decor,Easter,6,14.5,Large Resin Finch Figures Set of 2 in Different Poses Spring Summer Ea | A Set of 3 Peeps Mystery Egg | 10 Strawberry Street Bunny Salt,Home Decor,Seasonal Decorations,REVIEW,"In scope as home decor; seasonal or collectible listings may have distinct price dynamics. Review title to distinguish decor from mugs, costumes, and other item types before modeling."
Artwork,Paintings,5,27.0,"Midnight-Black wolf | Call of Duty WW2 (WWII) PS4 Pro Steelbook NO GAME | Vintage Flowers Pattern, Canvas Prints Wall Art, Pictures 4pcs 14x14, ",Home Decor,Wall Art & Frames,KEEP,Wall art/prints; collectibles may be price outliers.
Bedding,Bed pillows,5,38.0,"Sunday Citizen (off white) pillow sham set - king sized | NIB Sleepgram Dreamsleep Pillow Standard/queen Size 18"" X 26"" | Two Cosium cervical pillow new",Bedding & Bath,Pillow & Bedding Accessories,KEEP,Bedding accessories; inspect unusual items/brands.
Home appliances,Air conditioners,5,10.0,"Air conditioner support | Evaporative Portable Air Conditioner, 3 speeds, 7color LED light 70% R | Hisense Remote DG11J1-98",Appliances,Air Care & Climate,REVIEW,Listings may be replacement parts or miscoded non-appliances; title review advised.
Kitchen Bakeware,Bakeware Sets,5,46.0,Caraway Bakeware 11 piece Set Baking Marigold Ceramic Nonstick NEW COM | Princess house | Rae Dunn Harry Potter Hogwarts Baking Dish,Kitchen & Dining,Bakeware,KEEP,Reusable bakeware subtype.
Kitchen Cookware,Dutch Ovens,5,40.0,Cast Iron 1 quart LEWIS &CLARK CORPS OF DISCOVERY CAMP CHEF | Gorgeous White Pumpkin Dutch Oven | Hammercraft Club Aluminum Dutch Oven Bale Handle- 4 1/2 Quart,Kitchen & Dining,Cookware,KEEP,Recognizable cookware.
Kitchen Drinkware,Drinking Glasses,5,68.0,Jonathan Adler biba glasses | Thor Kitchen Bundle | 16oz Harry Potter stitch frosted glass cup,Kitchen & Dining,Mugs & Cups,KEEP,Drinkware group; include title for price distinctions.
Kitchen Flatware,Flatware Sets,5,18.0,Fortessa Still 18/10 Stainless Steel Flatware Solid Handle Table Knife | Vtg Lakes Silverware Flatware Zippered Faux Leather MCM Storage Box Ca | Oneida 20 Service for 4 fine quality stainless silverware NEW,Kitchen & Dining,Kitchen Utensils & Tools,KEEP,Reusable kitchen utensil/tool subtype; spot-check individual listings.
Kitchen Small Appliances,Air Fryers,5,85.0,Ninja Air Fryer | Gourmia Digital XL Air Fryer Pull Door Oven | Nuwave Pro Infrared Oven,Appliances,Kitchen Appliance,KEEP,Recognizable appliance subtype; title QC for parts/accessories and miscategorizations.
Kitchen Small Appliances,Other Small Appliances,5,23.0,Farberware Open Hearth Broiler Rotisserie Mod 455N Electric Indoor Gri | Brita Stream 25 Cup Capacity | VIVOHOME 4L Brushed Stainless Steel Water Distiller Water Filter NEW S,Appliances,Kitchen Appliance,REVIEW,Unspecified/mixed appliance type; title review required.
Kitchen Utensils,Other Kitchen Utensils,5,24.0,Rae Dunn Tools Crock | Princess house | Skeleton hand hallowen spooky goth spoon rest.,Kitchen & Dining,Kitchen Utensils & Tools,REVIEW,"Generic subtype contains misclassified cookware, servingware, or parts."
Storage & organization,Kitchen storage & organization,5,15.0,Tupperware Modular Mates Super Cereal St | Pioneer Woman 48 Mason Jar labels peel | Japan Tokyo Pokemon Center Plastic Bag,Storage & Organization,,REVIEW,Generic/mixed storage listing or miscategorized item.
Storage & organization,Storage Bins,5,20.0,9-Cube Storage Garage Organizer Toy Shelves Cubes DIY Cabinet Book She | Hearth & Hand Seagrass Storage Basket | pink storage cubes,Storage & Organization,Storage Bins & Baskets,KEEP,"Check titles: several storage subtypes include empty gift boxes, bags, or hardware components."
Bath,Bath rugs,4,38.5,40x24 inch bath rug Wamsutta Purple color | Casaluna Textured Bath Mat Sage Green 21 x 34 Cotton Bathroom Rug | Barbie x Forever 21 Bath Rug,Home Decor,Rug & Mat,KEEP,Bath mat/rug.
Bedding,Comforters,4,55.0,"Royal  luxe goose  and down comforter | Utopia Bedding Comforter Duvet Insert - Quilted Comforter with Corner  | Hotel Collection Luxe Down Alternative Hypoallergenic Comforter, King",Bedding & Bath,Blankets & Comforters,KEEP,Bedding textile group.
Bedding,Mattress pads,4,12.5,"Serta Luxury Firm Fiber Fill Cooling Fitted Mattress Pad Cover, Queen, | Martha Stewart Mattress Pad cover, Creative for Macys | Nestwell™ Cotton Comfort Twin Mattress Pad",Bedding & Bath,Pillow & Bedding Accessories,KEEP,Bedding accessories; inspect unusual items/brands.
Cleaning supplies,Air fresheners,4,62.0,NEW 2023 Rainbow Rainmate Air Purifier w/ 6 essential oils set | NEW 2023 Rainbow Rainmate Air Purifier w/ 9 essential oils set | Bath and Body Works bundle Car Fragrances Refills,,,EXCLUDE,Mostly consumable cleaning products; do not treat as durable appliances.
Cleaning supplies,Other,4,8.85,carpet cleaner | Laundry Detergent Sheets ASSENTIALS No.1 Jasmine Scented 120 Loads/60  | Retainer cleaner,,,EXCLUDE,Mostly consumable cleaning products; do not treat as durable appliances.
Home Office Furniture,Desks,4,80.0,"55"" Office Desk Gaming Desk | 28"" Black Particle Board Adjustable Sit to Standing Desk Converter | Coleshome 63 inch computer desk",Furniture,Desk,KEEP,Desk subtype; desk converters/accessories may need exclusion.
Home appliances,,4,83.5,MANG J-Hope - BT21 Baby Auto Soap Dispenser + Refill Soap by BTS | Singer Magic Steam Press 7 Tested And Working Crafting Art Ironing | MOEN Birchfield Touchless Pull-Down Sprayer Kitchen Faucet Spot Resist,Appliances,,REVIEW,Broad/mixed appliance or potentially non-electric coolers; inspect title and item completeness.
Home appliances,Fans,4,15.0,4-Blade ceiling fan | USB rechargeable baby stroller fan(blue) | Ceiling Fan,Appliances,Air Care & Climate,KEEP,Listings may be replacement parts or miscoded non-appliances; title review advised.
Home appliances,Irons,4,36.0,Euro Steam Iron Platinum Compact 1000W | Oliso Iron TG1050 (Blue) | Rowenta DW52 Focus Stainless Steel Soleplate Steam Iron,Appliances,Iron & Steamer,KEEP,Recognizable appliance subtype.
Home appliances,Refrigerators,4,43.0,"NEW Whirlpool Ice Maker Water Filter F2wc9l1 Refrigerator, Sealed | Portable Retro Extra Large 9-Can Capacity Mini Refrigerator, Pink | Corona extra mini fridge",Appliances,Refrigerator,REVIEW,May be refrigerator filters/accessories rather than whole refrigerators.
Home decor,Baskets,4,15.0,Cloud Island Quilted Gauze Storage Basket | Wicker end table | Wicker basket bundle lot,Storage & Organization,Storage Bins & Baskets,KEEP,Source fine-grained subtype reasonably matches target; spot-check mislabeled listings.
Kitchen & dining,,4,23.5,New Pioneer Woman Glass cutting board | Disney Whisker Haven Palace Pets kids plate by Zak Designs | Labrador Retriever Puppy Salt and Pepper Shaker Holder With Clear Shak,Kitchen & Dining,,REVIEW,Generic or missing subtype; title required.
Kitchen Bar & Wine Accessories,Bottle Openers,4,9.5,"Coca Cola Contour Bottle Opener with Plastic Handle | KUHN RIKON can opener tool | 5 Seattle Washington themed bottle opener fridge magnet, souvenir, gif",,,EXCLUDE,Out of core secondhand home-goods pricing scope; mostly seasonal/party/parts/accessories. Reconsider if product scope expands.
Kitchen Bar & Wine Accessories,Coasters,4,13.0,Rare Collectible 2013 Star Wars Vandor Lucasfilms Glass Coasters Set o | Handmade KISS rock band Coaster Set | Starfield custom holographic coaster,,,EXCLUDE,Out of core secondhand home-goods pricing scope; mostly seasonal/party/parts/accessories. Reconsider if product scope expands.
Kitchen Bar & Wine Accessories,Other Bar & Wine Accessories,4,30.0,Wine Charms Key to my Heart | Wine Charms Flowers and Bugs | RARE RARE RARE Glenlivet 12 year scotch whiskey classic golf courses m,,,EXCLUDE,Out of core secondhand home-goods pricing scope; mostly seasonal/party/parts/accessories. Reconsider if product scope expands.
Kitchen Barware,Shot Glasses,4,12.0,Fireball Shot Glasses | Outer Banks shot glass-279179 | NIB Barbuzzo Buckshot Shell Shot Glasses 2 ounce Set of 4,Kitchen & Dining,Mugs & Cups,KEEP,Drinkware subtype; inspect collectibles/sets.
Kitchen Barware,Wine Glasses,4,25.5,Wine charms | Tiffany & Co. Wine Glass (1) | Set of 4 Rovsya Wine Glasses,Kitchen & Dining,Mugs & Cups,KEEP,Drinkware subtype; inspect collectibles/sets.
Kitchen Coffee & Espresso Makers,Espresso & Cappuccino Machines,4,31.0,"Starbucks pink chrome | AeroPress Coffee Espresso Maker | Nespresso Essenza Mini Espresso Machine by Breville,0.6 Liters, Piano ",Appliances,Coffee & Espresso Machine,KEEP,Coffee machine/grinder; inspect non-electric items and parts.
Kitchen Cutlery,Kitchen Knife Sets,4,34.5,Japanese Wooden cutlery set | Art & Cook 25-Pc. Cutlery Set | Miyabi evolution 8” chefs knife,Kitchen & Dining,Kitchen Utensils & Tools,KEEP,Reusable kitchen utensil/tool subtype; spot-check individual listings.
Kitchen Dinnerware,Dinner Plates,4,25.0,"DR. SEUSS GRINCH GREEN MELAMINE SET OF SIX 8"" PLATES | (5) Churchill 10” pink transferware plates-pattern “The Brook” | polish pottery",Kitchen & Dining,Dinnerware,KEEP,"Direct dinnerware subtype, but spot-check mixed sets."
Kitchen Dinnerware,Dinnerware Sets,4,26.5,12 piece set of melamine dinnerware set | 12 Piece Melamine Dinnerware Set | New plastic dinnerware set,Kitchen & Dining,Dinnerware,KEEP,"Direct dinnerware subtype, but spot-check mixed sets."
Kitchen Drinkware,Travel Mugs,4,30.0,Stanley Adventure Quencher | stanley 40 oz tumbler | 2 Disney World Epcot Center 2014 Ceramic Stainless Coffee Cup w Lid Tu,Kitchen & Dining,Bottles & Tumblers,KEEP,Drinkware group; brands/collectibles may strongly affect price.
Kitchen Small Appliances,Food Processors,4,13.5,Kitty Mug and Gel Pens | Cuisinart DLC-8 Food Processor Replacement Chopping Blade | NIB Miracle Kitchen Plus,Appliances,Kitchen Appliance,KEEP,Recognizable appliance subtype; title QC for parts/accessories and miscategorizations.
Kitchen Utensils,,4,23.5,Pampered Chef 5 Black Nylon Heat Resistant Utensil Pasta Spoon Spatula | Vintage floral stoneware dinnerware set | Pampered Chef FREE Shipping,Kitchen & Dining,Kitchen Utensils & Tools,REVIEW,"Generic subtype contains misclassified cookware, servingware, or parts."
Party Supplies,Gift Wrapping Supplies,4,18.0,Gucci gift box bundle | Dior white gift box | NWT Lilly Pulitzer Gift Wrapping Set Bohemian Queen 3 Sheets 3 Gift Ta,,,EXCLUDE,Out of core secondhand home-goods pricing scope; mostly seasonal/party/parts/accessories. Reconsider if product scope expands.
Seasonal decor,Valentine,4,17.0,Marshmallow Mug hat Valentine’s Day decor bundle | Fantastic Angel of Death Statue by Transpac perfect for your Halloween | 3 Glass heart jars,Home Decor,Seasonal Decorations,REVIEW,"In scope as home decor; seasonal or collectible listings may have distinct price dynamics. Review title to distinguish decor from mugs, costumes, and other item types before modeling."
Storage & organization,,4,11.5,"Storex 12x12 Stack & Store Box, Assorted Colors, Case of 5 | Uber Eats Reusable Shopping Bag*** | Home Finance & Bill Organizer",Storage & Organization,,REVIEW,Generic/mixed storage listing or miscategorized item.
Bedding,Pillow Covers,3,10.0,"Throw Pillow Covers,Pack of 2 (26x26) | IKEA ISPIGG 20x20 Pillow Cover Blue Tan Stripe Neutral | IKEA Pillow Covers",Bedding & Bath,Sheets & Pillowcases,KEEP,Textiles; confirm exact set composition.
Bedding,Pillowcases,3,12.0,Disney Mickey Mouse Pillowcase | Vintage Charlie Brown/Lucy Double Sided Pillowcase Cheerleader/Basebal | Astolfo Anime Dakimakura Body Pillow Cover Case - 2 Way Tricot,Bedding & Bath,Sheets & Pillowcases,KEEP,Textiles; confirm exact set composition.
Bedding,Shams,3,24.0,Opalhouse Designed with Jungalow Scalloped Edge Terracotta Euro Pillow | Sunday Citizen (2-cloud grey) pillow cover sham sets - king size | Two Standard 100%Cotton Belo Pillow Shams from Crate & Barrel,Bedding & Bath,Sheets & Pillowcases,KEEP,Textiles; confirm exact set composition.
Cleaning supplies,Mopping,3,20.0,Hurricane spin mop replacement head | steam mop | Starter Kit- Swiffer Sweeper 2-in-1 Dry & Wet Multi Surface Sweep & Mo,,,EXCLUDE,Mostly consumable cleaning products; do not treat as durable appliances.
Furniture Hardware & Parts,Pulls & Handles,3,68.0,"26 Hardware Pulls for Cabinets 3” | MOEN PULL OUT KITCHEN FAUCET | Rejuvenation Canfield Pulls (4) Oil Rubbed Bronze 4""",,,EXCLUDE,Out of core secondhand home-goods pricing scope; mostly seasonal/party/parts/accessories. Reconsider if product scope expands.
Home appliances,Space heaters,3,17.0,"Utilitech Electric Space Heater | Toshiba 20AF43 20” Flat Screen Gaming CRT TV | S-.   I test it with th | 3-in-1 Mini Tabletop Fan Electric Ceramic Heater With Hand Warmer, Bla",Appliances,Air Care & Climate,REVIEW,Listings may be replacement parts or miscoded non-appliances; title review advised.
Home decor,Photo Albums,3,15.0,Photo albums | Walt Disney World Photo Album | Scrabook Album Cloth Pink Photo Cloth,Home Decor,Photo Albums,REVIEW,In scope as a household item; review title and sample quality before using as a price-training label.
Home decor,Vases,3,40.0,"Lady head vase | Designer Obelisk Chinoiserie Decor | Theodore Alexander | Vintage large brass cowboy boot, boot vase, country western home decor",Home Decor,Decorative Accessories,KEEP,Source fine-grained subtype reasonably matches target; spot-check mislabeled listings.
Kids' home store,Kids' room décor,3,24.0,DIsney Mickey Mouse LED Mood Light | Bird house wall shelf | Fire-breathing Dragon Lamp or Night Light 3D-printed fire glowing lamp,,,REVIEW,Mixed/unclear kids-home category.
Kitchen & Table Linens,Kitchen Table Placemats,3,32.0,Set Of 4 Cloth Fabric Placemats Golden Yellow Rectangle | Snake/serpent placemats set of 6 | SERPENT Placemats-Vinyl Placemats Set of 6 Serpents,Kitchen & Dining,Kitchen & Table Linens,KEEP,Kitchen linens; title may be seasonal-themed but item is reusable.
Kitchen & dining,Other,3,38.0,#519 Mini Chocolate Fountain | Brand New Bundle of Culinary Classics Kitchen Towels 8 pack ( 5 grey a | RARE le creuset salt pig salt keeper in matte sea salt,Kitchen & Dining,,REVIEW,Generic or missing subtype; title required.
Kitchen Bakeware,Cake Pans,3,15.0,Pioneer woman cakelet pan | Food Network Cake Carrier with Serving Knife | Wilton train cake pan 1975,Kitchen & Dining,Bakeware,KEEP,Reusable bakeware subtype.
Kitchen Coffee & Espresso Makers,Filter Coffee Machines,3,31.0,BUNN | Vintage Mr. Coffee Space Saver Under Cabinet 10 Cup Coffee Maker UTC 1 | Single Serving Stainless Steel Vietnames,Appliances,Coffee & Espresso Machine,KEEP,Coffee machine/grinder; inspect non-electric items and parts.
Kitchen Cookware,Fry Pans,3,15.0,Slip stone | Supreme Cast Iorn Pan | NEW DARTH VADER CAST IRON SKILLET PAN STAR WARS,Kitchen & Dining,Cookware,KEEP,Recognizable cookware.
Kitchen Cookware,Saucepans,3,22.0,"Vintage Wagner Ware Magnalite 4680 | Vintage Wagner Ware Magnalite Sidney O 8"" Double Spout Lid Only Fits 4 | iCook 4-Peice stainless steel Saucepan Set",Kitchen & Dining,Cookware,KEEP,Recognizable cookware.
Kitchen Dinnerware,Other Dinnerware,3,25.0,"Purple cirkul lid ans chill sleeve | Rae dunn PIZZA PLATES - PIZZA, SLICE & PIE -  6 total | Mikasa Intaglia Arabella New 3 piece set",Kitchen & Dining,Dinnerware,KEEP,"Direct dinnerware subtype, but spot-check mixed sets."
Kitchen Drinkware,Other Drinkware Accessories,3,15.0,MGM souvenir cup | Gas station liquor pump drink dispenser | KANSAS CITY SUPERBOWL 57,Kitchen & Dining,Mugs & Cups,REVIEW,Unusual accessories/sets or generic category; manually classify.
Kitchen Gadgets & Tools,,3,24.0,Rooster/Hen/Chicken Farm Animal Country Themed Trivet Set of 2 | EveryDrop EDR2RXD1 Refrigerator Water Filter | Magnetic Bag Clips Peanuts Snoopy Woodstock Halloween Trick or Treat 6,Kitchen & Dining,Kitchen Utensils & Tools,REVIEW,"Generic subtype contains misclassified cookware, servingware, or parts."
Kitchen Gadgets & Tools,Ice Cube Trays,3,5.0,"ICE Ball Maker 6 Small Round Spheres | Ice Cube Tray 3 Pack, Upgraded Easy Release Round Ice Cube Trays, Stac | Ice cube tray - brand new",Kitchen & Dining,Kitchen Utensils & Tools,KEEP,Reusable kitchen utensil/tool subtype; spot-check individual listings.
Kitchen Gadgets & Tools,Other Kitchen Gadgets & Tools,3,34.0,NOS Vintage Moulinex Mouli-Jienne Food Slicer | Snap on Bbq set brand new in box | Food grinder attachments,Kitchen & Dining,Kitchen Utensils & Tools,REVIEW,"Generic subtype contains misclassified cookware, servingware, or parts."
Kitchen Gadgets & Tools,Spoon Rests,3,14.0,"Brand New Ceramic Trivet & Spoon Rest Giftpack | Disney Gourmet Mickey Spoon Rest, ceramic | Brand New Rooster Spoon Rest",Kitchen & Dining,Kitchen Utensils & Tools,KEEP,Reusable kitchen utensil/tool subtype; spot-check individual listings.
Kitchen Small Appliances,,3,79.0,"2 lb. Multifunctional Bread Maker | GE Buffet Server Insert, Food Warmer, Pot Luck, Warming Tray, Picnic | Garbage Disposer Compact 3/4 HP Evolution Compact, Gray",Appliances,Kitchen Appliance,REVIEW,Unspecified/mixed appliance type; title review required.
Kitchen Tea & Accessories,Teapots,3,27.0,TEAPOT - Beautiful Butterflies - Like New | Le Creuset Green Enameled Halo Tea Kettle | RARE Pre Loved Beetlejuice Striped Teapot,Kitchen & Dining,Servingware,REVIEW,Teapots and electric kettles mixed; title determines type.
Living Room Furniture,,3,90.0,LOVESAC Citysac Cover Silver Liget Phur New | Costa Mesa Round Rattan Wrapped Accent Table Tan - Threshold™ designed | Sectional sofa cover,Furniture,,REVIEW,"Blank category mixes covers, chairs, tables, etc."
Bath,,2,139.5,Dreamline Hardware HG-PRS30A Adjustable Hinge & Handle Set 130 Deg Chr | NuTone 665RP - Ventilation Fan with Light and Heater - NEW Sealed,Bedding & Bath,,REVIEW,"Blank/other category contains fixtures, parts or hygiene items."
Bath,Other,2,112.5,2 Pack CO. by Colgate TLC Toothbrush Replacement Heads Ultra Soft | Prearranged item for shipping please do not purchase,Bedding & Bath,,REVIEW,"Blank/other category contains fixtures, parts or hygiene items."
Bedding,Bedspreads,2,86.5,Morgan Jones Full/Queen White Hobnail Coverlet Bedspread | Wamsutta Vintage Lyon Beige Queen Bedspread,Bedding & Bath,Blankets & Comforters,KEEP,Bedding textile group.
Bedding,Other,2,205.0,Smart Nora anti snore device | Little Sleepies Classic Leopard Oversized Adult Cloud Blanket,Bedding & Bath,,REVIEW,Missing/other subtype; may be air mattress or unrelated item.
Bedroom Furniture,Beds,2,112.5,Full Size Platform Bed Frame with Strong Metal Slats and Vintage Wood  | Loft steps,Furniture,Bed Frame,KEEP,Furniture subtype; accessories/steps must be identified from title.
Cleaning supplies,,2,8.5,Suede & Nubuck Cleaning Kit | Scrubbing Bubbles Fresh Gel Citrus 2 packs Toilet Cleaning Gel Stamp,,,EXCLUDE,Mostly consumable cleaning products; do not treat as durable appliances.
Furniture,,2,184.0,Brand new Ergotron WorkFit-A Sit-Stand Workstation | Disney Parks 2023 100 Years Eras Walt Disney Studios Mickey Water Towe,Furniture,,REVIEW,Furniture label too broad or appears miscategorized; manual title review.
Home appliances,Humidifiers,2,24.0,"Humidifiers for Bedroom | Vicks Filtered Cool Moisture Humidifier Model V3100VD1, 1.0 Gallon Bra",Appliances,Air Care & Climate,KEEP,Listings may be replacement parts or miscoded non-appliances; title review advised.
Home appliances,Ice Makers,2,119.5,"VEVOR Condensate Pump, 6.6 ft/2 m Lift, 110V Removal Drain Pump | Used See Desc GE Profile Opal 2.0 24-lb. Portable Ice maker Nugget Ice",Appliances,Kitchen Appliance,REVIEW,Different appliances and replacement parts mixed together; classify from title before use.
Home decor,Doormats,2,18.75,Hello kitty lightswitch & bath mat | RAE DUNN FALLS WELCOME OUTDOOR MAT,Home Decor,Rug & Mat,KEEP,Source fine-grained subtype reasonably matches target; spot-check mislabeled listings.
Home decor,Other Candle Accessories,2,47.0,NEW Illuminated Starry Night Hurricane Set with Timer | PartyLite Hurricane Mosaic  Candle holder,Home Decor,Decorative Accessories,REVIEW,"Broad/mixed decor or missing subtype; title review required, never auto-label as a single concrete type."
Home decor,Slipcovers,2,16.5,"Stretch sofa slipcover | Chun Yi, Black Jacquard Elastic Sofa SlipCover.",Home Decor,,REVIEW,Furniture slipcover/textile; current catalog has no suitable exact target type.
Kitchen & Table Linens,Kitchen Napkin Rings,2,10.5,New Issac Mizrahi Pumpkin Napkin Rings | Napkin Rings,Kitchen & Dining,Kitchen Utensils & Tools,KEEP,Reusable kitchen tools and accessories.
Kitchen & Table Linens,Kitchen Oven Mitts,2,7.0,Cuisinart heat resistant oven mits | Cat Oven Mitt,Kitchen & Dining,Kitchen Utensils & Tools,KEEP,Reusable kitchen tools and accessories.
Kitchen & Table Linens,Kitchen Table Runners,2,11.145,Table Runner - 14x72 | Halloween Snoopy Peanuts Applique Table Runner 17”x70”| Holiday Party ,Kitchen & Dining,Kitchen & Table Linens,KEEP,Kitchen linens; title may be seasonal-themed but item is reusable.
Kitchen & Table Linens,Kitchen Tablecloths,2,30.0,Lot 7 sets vintage 1999 fruit tablecloth picnic weights strawberry lem | RARE VINTAGE Red & White GINGHAM Checked PICNIC Table Cover 42” X 84”P,Kitchen & Dining,Kitchen & Table Linens,KEEP,Kitchen linens; title may be seasonal-themed but item is reusable.
Kitchen Baking & Cake Accessories,Cake Toppers,2,24.0,"Justice League Cake Toppers Set of 14 with 12 Figures, DC Doll, Hero R | Beetle juice halloween cake topper",,,EXCLUDE,Party/cake toppers are not core durable goods.
Kitchen Bar & Wine Accessories,,2,15.5,Tommy Bahama bottle stopper and opener | Kate Spade Wine tote,,,EXCLUDE,Out of core secondhand home-goods pricing scope; mostly seasonal/party/parts/accessories. Reconsider if product scope expands.
Kitchen Bar & Wine Accessories,Wine Bottle Stoppers,2,7.5,3pcs Wine Bottle Stopper | Tommy Bahama Enameled Pineapple Bottle Stopper NEW,,,EXCLUDE,Out of core secondhand home-goods pricing scope; mostly seasonal/party/parts/accessories. Reconsider if product scope expands.
Kitchen Barware,,2,13.5,Music Note Treble G-Clef Bottle Opener Silver W Rhinestone Accents Bar | Vintage Berchtesgaden Coat of Arms Stoneware Beer Stein Mug,Kitchen & Dining,Mugs & Cups,REVIEW,Unspecified barware includes unrelated tools.
Kitchen Barware,Beer Glasses,2,20.5,"Bacardi Glass Mugs | Harley Davidson Motorcycles Etched Clear Glass Beer Mug Tankard 7""",Kitchen & Dining,Mugs & Cups,KEEP,Drinkware subtype; inspect collectibles/sets.
Kitchen Cookware,Other Cookware,2,33.5,Craftsman 4 Piece Barbecue Accessory Set Screwdriver Handles Grill Too | Dash Microwave Popcorn,Kitchen & Dining,Cookware,REVIEW,Generic/miscoded cookware category; inspect title.
Kitchen Dinnerware,Salad Plates,2,37.0,"Le Creuset Grey Ombré pasta/salad bowls | Villeroy Boch Manoir Luxembourg Vitro Porcelain Salad Plates (8) 8.25""",Kitchen & Dining,Dinnerware,KEEP,"Direct dinnerware subtype, but spot-check mixed sets."
Kitchen Drinkware,Glassware Collections,2,64.5,Moscow Mule Copper Mugs | Disney Club 33 It's a Small World 55th Anniversary Tiki Boat Mug With ,Kitchen & Dining,Mugs & Cups,REVIEW,Unusual accessories/sets or generic category; manually classify.
Kitchen Gadgets & Tools,Kitchen Timers,2,8.0,Egg timer | *White Bunny Magnet Kitchen Timer!,Kitchen & Dining,Kitchen Utensils & Tools,KEEP,Reusable kitchen utensil/tool subtype; spot-check individual listings.
Kitchen Serveware,Butter Dishes,2,17.5,Brown and cream colored butter dish | Easter Bunny butter dish,Kitchen & Dining,Servingware,KEEP,Recognizable reusable servingware subtype; individual listings can still be misclassified.
Kitchen Serveware,Pitchers,2,13.5,New Debco Cherry Ceramic Pitcher | ZeroWater 10 cup Pitcher and One 5 stage filter,Kitchen & Dining,Servingware,KEEP,Recognizable reusable servingware subtype; individual listings can still be misclassified.
Kitchen Serveware,Trivets,2,12.0,Cutting boards | Pair of Irwindale trivets,Kitchen & Dining,Servingware,KEEP,Recognizable reusable servingware subtype; individual listings can still be misclassified.
Kitchen Small Appliances,Ice Cream Makers,2,203.5,DASH my pint cream maker | Ninja Creami Deluxe. (Olive) 11 in 1+4 24oz Pints. (Opened Box to show,Appliances,Kitchen Appliance,KEEP,Recognizable appliance subtype; title QC for parts/accessories and miscategorizations.
Kitchen Small Appliances,Toasters,2,34.0,"Nostalgia Classic Retro 3-in-1 Breakfast Station, 2-Wide Slot Toaster | Cuisinart RBT-875PC 4 Slice Countdown Stainless Steel Toaster Wide Slo",Appliances,Kitchen Appliance,KEEP,Recognizable appliance subtype; title QC for parts/accessories and miscategorizations.
Kitchen Storage,Food Storage Bags,2,12.0,WWE Superstars Insulated Lunch Bag | Ziploc Plastic Sandwich Bags Marvel Avengers Four Designs 66ct. No box,Kitchen & Dining,Food Storage,REVIEW,Bags/lunch accessories or missing subtype; review first.
Kitchen Storage,Kitchen Jars,2,75.5,Target Threshold Small Stoneware Food Storage Canister in White/Gray W | Eva Zeisel MCM Gold Hall China Golden Carrot Cookie Jar w Tag,Kitchen & Dining,Food Storage,KEEP,Storage containers/canisters; confirm reusable physical goods.
Kitchen Storage,Kitchen Tote Bags,2,20.5,Panera catering bag | Hydro Flask 8L Lunch Tote Purple Burgundy,Kitchen & Dining,Food Storage,REVIEW,Bags/lunch accessories or missing subtype; review first.
Kitchen Utensils,Kitchen Peelers,2,14.5,Epicurean pizza peel with silicone handle | 2 Ps Vegetable & Fruit Peeler Set- Stainless Steel Potato Peeler Non-S,Kitchen & Dining,Kitchen Utensils & Tools,KEEP,Reusable kitchen utensil/tool subtype; spot-check individual listings.
Kitchen Utensils,Kitchen Slicers & Mandolines,2,16.0,New In Box Tupperware Mini Speedy Mando Kitchen Slicer | stainless steel automatic clam shucker,Kitchen & Dining,Kitchen Utensils & Tools,KEEP,Reusable kitchen utensil/tool subtype; spot-check individual listings.
Kitchen Utensils,Kitchen Spatulas,2,11.5,"9pcs Wooden Spoons, Wooden Utensils Holder, Kitchen | Scraper",Kitchen & Dining,Kitchen Utensils & Tools,KEEP,Reusable kitchen utensil/tool subtype; spot-check individual listings.
Kitchen Utensils,Kitchen Utensil Sets,2,20.0,New! Brooklyn Knife Company Serrated Knife | Harry potter spoon rest- Rae Dunn,Kitchen & Dining,Kitchen Utensils & Tools,KEEP,Reusable kitchen utensil/tool subtype; spot-check individual listings.
Other Furniture,Other Furniture Accessories,2,83.5,Hammock and stand | Spongebob Keychain Holder,Furniture,,REVIEW,Furniture label too broad or appears miscategorized; manual title review.
Party Supplies,Party Masks,2,20.0,Unisex Musical Venetian Masquerade Eye Mask - Red Black | Star Wars Episode I 1999 Rubie's Darth Maul Deluxe Makeup Kit Rare,,,EXCLUDE,Out of core secondhand home-goods pricing scope; mostly seasonal/party/parts/accessories. Reconsider if product scope expands.
Seasonal decor,Other,2,36.5,Hallmark 2012 Star Trek An Extraordinary Meeting Spock Talking Ornamen | Disney Parks 2023 Flower & Garden Festival Orange Bird Ornament,Home Decor,Seasonal Decorations,REVIEW,"In scope as home decor; seasonal or collectible listings may have distinct price dynamics. Review title to distinguish decor from mugs, costumes, and other item types before modeling."
Storage & organization,Storage Shelves,2,150.5,Vintage juicy couture display case | Elfa 12-inches brackets (set of 6),Storage & Organization,Storage Shelves & Racks,REVIEW,"Check titles: several storage subtypes include empty gift boxes, bags, or hardware components."
Artwork,,1,45.0,"Pantone Solid to Process Color Guide, 2001, coated",Home Decor,Wall Art & Frames,REVIEW,Other/blank artwork category may not be decor.
Artwork,Photographs,1,12.0,Sting signed 8x10 Photo RP - WCW 90's,Home Decor,Wall Art & Frames,KEEP,Wall art/prints; collectibles may be price outliers.
Artwork,Posters & prints,1,55.0,"""COSMO KRAMER""  Print on Canvas 18 x 26",Home Decor,Wall Art & Frames,KEEP,Wall art/prints; collectibles may be price outliers.
Bathroom Furniture,Bathroom Organizers,1,24.0,The Pioneer Woman Vintage Floral Soap and Lotion Set - New in Box!.,Furniture,,REVIEW,Furniture label too broad or appears miscategorized; manual title review.
Bedding,,1,130.0,KING Size Juicy Couture Hot Pink w/ Rhinstone Juicy Logo 4 pc Comforte,Bedding & Bath,,REVIEW,Missing/other subtype; may be air mattress or unrelated item.
Bedding,Comforters & sets,1,80.0,RL Winter Garden Cable Knit Wool Shams,Bedding & Bath,Blankets & Comforters,REVIEW,Bedding sets/covers: verify title and correct product before assigning type.
Bedding,Duvet Covers,1,17.0,King duvet set purple/white reversible 100% cotton,Bedding & Bath,Blankets & Comforters,REVIEW,Bedding sets/covers: verify title and correct product before assigning type.
Bedding,Inflatable beds,1,30.0,Intex Dura Beam King Size Airbed lh,Bedding & Bath,,REVIEW,Missing/other subtype; may be air mattress or unrelated item.
Bedroom Furniture,,1,25.0,4 Inch Extra Thick Seat Cushion,Furniture,,REVIEW,Mixed bedroom furniture category.
Bedroom Furniture,Dressers,1,100.0,bedroom furniture,Furniture,Dresser,KEEP,Furniture subtype; accessories/steps must be identified from title.
Bedroom Furniture,Nightstands,1,499.0,Vintage White Clad Ice Box End Side Tables Night Stands Pair Lot of 2,Furniture,Nightstand,KEEP,Furniture subtype; accessories/steps must be identified from title.
Furniture Hardware & Parts,,1,12.0,RED NEW 4pcs 56mm JAGUAR Wheel Center Stickers BADGE WHEEL CAP,,,EXCLUDE,Out of core secondhand home-goods pricing scope; mostly seasonal/party/parts/accessories. Reconsider if product scope expands.
Furniture Hardware & Parts,Knobs,1,10.58,dresser knobs,,,EXCLUDE,Out of core secondhand home-goods pricing scope; mostly seasonal/party/parts/accessories. Reconsider if product scope expands.
Home Office Furniture,,1,95.0,Standing Desk,Furniture,Desk,REVIEW,Unspecified office furniture; could be standing desk.
Home Office Furniture,Office Chairs,1,87.0,High Back Ergonomic Mesh Office Chair with Adjustable Padded Headrest-,Furniture,Chair,KEEP,Office chair subtype.
Home Office Furniture,Other Home Office Furniture,1,15.0,Ikea Bottna 20463 Green Metal Bookends Shelf Ends Minimalist,Furniture,,REVIEW,"Example is bookends, not complete office furniture."
Home appliances,Dehumidifiers,1,57.0,Seahorse Pro Plus Collector Kit Choose Color,Appliances,Air Care & Climate,REVIEW,Listings may be replacement parts or miscoded non-appliances; title review advised.
Home appliances,Garment steamers,1,10.0,Conair Clothes Steamer,Appliances,Iron & Steamer,KEEP,Recognizable appliance subtype.
Home appliances,Vacuums & floor care,1,35.0,Deik vacuum cleaner,Appliances,Vacuum,KEEP,Some listings are accessories/parts; flag during title QC.
Home appliances,Washer & Dryer Sets,1,5.0,Whirlpool Cycling Thermostat L150-20F 341146 201338 CT04,,,EXCLUDE,Sample suggests replacement parts rather than complete washer/dryer.
Home decor,Candles & holders,1,22.0,30 NEW Rustic Bird Nest Candle Holders,Home Decor,Decorative Accessories,REVIEW,Accessory/mixed subtype; confirm item is a full product of proposed type.
Home decor,Doorstops,1,5.0,Door Draft Stopper,Home Decor,Decorative Accessories,REVIEW,"Broad/mixed decor or missing subtype; title review required, never auto-label as a single concrete type."
Home decor,Fragrance Oils,1,17.0,Goldenessence Autumn Harvest Scented Plug In Air Freshener Set New,Home Decor,Home Fragrance,REVIEW,"Potentially in-scope home fragrance products; review title, quantity, and condition. Some may be consumables rather than reusable home goods."
Home decor,Home Decor Lamp Accessories,1,27.0,World map lamp shade.  Sailing,Home Decor,Lamp & Lighting,REVIEW,Accessory/mixed subtype; confirm item is a full product of proposed type.
Home decor,Mirrors,1,10.0,4 Black square framed mirrors from IKEA,Home Decor,Mirror,KEEP,Source fine-grained subtype reasonably matches target; spot-check mislabeled listings.
Kids' home store,,1,4.0,Teen Titans Shoe Charm Set,,,REVIEW,Mixed/unclear kids-home category.
Kids' home store,Kids' furniture,1,44.0,IKEA LUSTIGT wall shelf / set of 2,Furniture,Shelf & Storage Furniture,REVIEW,Single kids-furniture category; determine actual type from title.
Kitchen & Table Linens,Kitchen Aprons,1,15.0,Mexican Embroidery Apron / mandil Mexicano,Kitchen & Dining,Kitchen Utensils & Tools,KEEP,Reusable kitchen tools and accessories.
Kitchen & Table Linens,Kitchen Cloth Napkins,1,18.0,Jonathan alder happy homes napkins,Kitchen & Dining,Kitchen & Table Linens,KEEP,Kitchen linens; title may be seasonal-themed but item is reusable.
Kitchen & Table Linens,Kitchen Napkin Holders,1,17.0,Napkin Holder Rustic Log Wood Cabin EDC Pottery 2004,Kitchen & Dining,Kitchen Utensils & Tools,KEEP,Reusable kitchen tools and accessories.
Kitchen Bakeware,Cupcake & Muffin Pans,1,22.0,Flexipan muffin bakeware black Demarle,Kitchen & Dining,Bakeware,KEEP,Reusable bakeware subtype.
Kitchen Bakeware,Pie Tins,1,12.22,Rae Dunn Disney Snow White kitchen,Kitchen & Dining,Bakeware,KEEP,Reusable bakeware subtype.
Kitchen Baking & Cake Accessories,Cake Boards,1,14.0,Stainless Steel Strainers Bombay small & large,Kitchen & Dining,Bakeware,REVIEW,May be kitchen strainer despite category.
Kitchen Bar & Wine Accessories,Bar Tool Sets,1,32.3,Master Vintner  Fresh Harvest 1 Gallon Fruit Wine Making Kit (new),,,EXCLUDE,Out of core secondhand home-goods pricing scope; mostly seasonal/party/parts/accessories. Reconsider if product scope expands.
Kitchen Bar & Wine Accessories,Flasks,1,2.0,Ozark trail 7.5oz. Stainless Steel Flask with Funnel,,,EXCLUDE,Out of core secondhand home-goods pricing scope; mostly seasonal/party/parts/accessories. Reconsider if product scope expands.
Kitchen Bar & Wine Accessories,Wine Openers & Corkscrews,1,9.0,New Tommy Bahama pink Flamingo wine bottle stopper topper,,,EXCLUDE,Out of core secondhand home-goods pricing scope; mostly seasonal/party/parts/accessories. Reconsider if product scope expands.
Kitchen Barware,Bar Glasses,1,24.0,"Christmas Tree & Wreath Glasses Christmas By Carlton, Double Old Fashi",Kitchen & Dining,Mugs & Cups,KEEP,Drinkware subtype; inspect collectibles/sets.
Kitchen Barware,Cocktail Glasses,1,18.0,Parrot Tiki mug/vase,Kitchen & Dining,Mugs & Cups,KEEP,Drinkware subtype; inspect collectibles/sets.
Kitchen Barware,Old-Fashioned Glasses,1,39.0,"Set of 4 MCM Vintage Glasses by Culver, Ltd in the “Pisa” Pattern",Kitchen & Dining,Mugs & Cups,KEEP,Drinkware subtype; inspect collectibles/sets.
Kitchen Coffee & Espresso Makers,Coffee Grinders,1,71.0,Coffee Grinder,Appliances,Coffee & Espresso Machine,KEEP,Coffee machine/grinder; inspect non-electric items and parts.
Kitchen Cookware,Skillets,1,100.0,LeCreuset Signature Enameled Cast Iron Deep Sauté Pan,Kitchen & Dining,Cookware,KEEP,Recognizable cookware.
Kitchen Cutlery,Kitchen Scissors & Shears,1,10.0,meuut medical scissors emt trauma shears + penlight Pink New,Kitchen & Dining,Kitchen Utensils & Tools,KEEP,Reusable kitchen utensil/tool subtype; spot-check individual listings.
Kitchen Cutlery,Kitchen Utility Knives,1,73.0,"Cutco 1721 Trimmer Classic handle, - NEW sealed in plastic",Kitchen & Dining,Kitchen Utensils & Tools,KEEP,Reusable kitchen utensil/tool subtype; spot-check individual listings.
Kitchen Drinkware,Straws,1,4.0,Baby Yoda / Grogu silicone straw topper,Kitchen & Dining,Mugs & Cups,REVIEW,Unusual accessories/sets or generic category; manually classify.
Kitchen Drinkware,Tea Cups,1,36.0,Royal Halsey LM Pink Tea Cup Saucer Rose Gold Rim Lusterware Vintage 1,Kitchen & Dining,Mugs & Cups,KEEP,Drinkware group; include title for price distinctions.
Kitchen Flatware,Table Spoons,1,16.0,Pfaltzgraff pearl pattern handle 4 soup spoons,Kitchen & Dining,Kitchen Utensils & Tools,KEEP,Reusable kitchen utensil/tool subtype; spot-check individual listings.
Kitchen Furniture,Dining Chairs,1,30.0,"Amazon Brand – Rivet Phinney Upholstered Dining Chair, 19.7""W, Wood (N",Furniture,Chair,KEEP,Dining chair subtype.
Kitchen Gadgets & Tools,Cooking Thermometers,1,38.0,Kenmore smart grill thermometer,Kitchen & Dining,Kitchen Utensils & Tools,KEEP,Reusable kitchen utensil/tool subtype; spot-check individual listings.
Kitchen Gadgets & Tools,Manual Juicers,1,130.0,Jack Lalanne Power Juicer (CL-003-AP) 3600 RPM -2.5 AMP MOTOR New,Kitchen & Dining,Kitchen Utensils & Tools,REVIEW,Could be powered juicer or stand mixer; title needed to distinguish appliance.
Kitchen Gadgets & Tools,Mixing Bowls,1,35.0,AlfaBot Stand Up Mixer,Kitchen & Dining,Kitchen Utensils & Tools,REVIEW,Could be powered juicer or stand mixer; title needed to distinguish appliance.
Kitchen Serveware,Beverage Dispensers,1,8.0,Tupperware 11oz tumbler dripless lids,Kitchen & Dining,Servingware,KEEP,Recognizable reusable servingware subtype; individual listings can still be misclassified.
Kitchen Serveware,Cheese Boards,1,13.0,Arthur Court Marble Cheese Tray & Knives,Kitchen & Dining,Servingware,KEEP,Recognizable reusable servingware subtype; individual listings can still be misclassified.
Kitchen Serveware,Dessert & Cake Stands,1,19.0,Pier 1 Imports White Dolomite Ruffled 11” Pedestal Cake Stand/Server,Kitchen & Dining,Servingware,KEEP,Recognizable reusable servingware subtype; individual listings can still be misclassified.
Kitchen Serveware,Gravy Boats,1,10.0,Blue Willow by Churchill Gravy Boat BW16 Blue & White Asian Made in En,Kitchen & Dining,Servingware,KEEP,Recognizable reusable servingware subtype; individual listings can still be misclassified.
Kitchen Serveware,Serving Trays,1,15.0,Set of (4) Vintage Corncob Holders,Kitchen & Dining,Servingware,KEEP,Recognizable reusable servingware subtype; individual listings can still be misclassified.
Kitchen Small Appliances,Contact Grills,1,16.0,Kitchen Selectives,Appliances,Kitchen Appliance,KEEP,Recognizable appliance subtype; title QC for parts/accessories and miscategorizations.
Kitchen Small Appliances,Hand Blenders,1,9.0,Miracle kitchen plus,Appliances,Kitchen Appliance,KEEP,Recognizable appliance subtype; title QC for parts/accessories and miscategorizations.
Kitchen Small Appliances,Slow Cookers,1,10.0,3 qt crockpot,Appliances,Kitchen Appliance,KEEP,Recognizable appliance subtype; title QC for parts/accessories and miscategorizations.
Kitchen Small Appliances,Sous Vide,1,89.0,Breville slow cooker CS20001 Joule Sous Vide - White NEW,Appliances,Kitchen Appliance,KEEP,Recognizable appliance subtype; title QC for parts/accessories and miscategorizations.
Kitchen Small Appliances,Stand Mixers,1,23.0,"5-in-1 Immersion Hand Blender,",Appliances,Kitchen Appliance,KEEP,Recognizable appliance subtype; title QC for parts/accessories and miscategorizations.
Kitchen Storage,,1,24.0,THL coffee canister NEW,Kitchen & Dining,Food Storage,REVIEW,Bags/lunch accessories or missing subtype; review first.
Kitchen Storage,Kitchen Spice Racks,1,13.0,Set of 4 Single Tier Spice Racks,Storage & Organization,Storage Shelves & Racks,KEEP,Storage rack.
Kitchen Utensils,Kitchen Colanders,1,24.0,3-Piece Dish Drainer,Kitchen & Dining,Kitchen Utensils & Tools,KEEP,Reusable kitchen utensil/tool subtype; spot-check individual listings.
Living Room Furniture,Coffee Tables,1,100.0,Winsome Wood Claire Accent Table-Walnut,Furniture,Table,KEEP,Tables; verify individual listings.
Living Room Furniture,Living Room Sets,1,66.0,"Rivet Mid-Century Nested Metal Side Tables, Set of 2, Brass/Walnut",Furniture,Table,KEEP,Tables; verify individual listings.
Other Furniture,,1,27.0,Farmhouse Tiered Tray Stand - Two Tier Tray,Furniture,,REVIEW,Furniture label too broad or appears miscategorized; manual title review.
Party Supplies,,1,13.0,Clear Plastic Cups With Dome Lids - 50 Pieces,,,EXCLUDE,Out of core secondhand home-goods pricing scope; mostly seasonal/party/parts/accessories. Reconsider if product scope expands.
Party Supplies,Balloons,1,12.0,Baby Tigger Shape Balloon,,,EXCLUDE,Out of core secondhand home-goods pricing scope; mostly seasonal/party/parts/accessories. Reconsider if product scope expands.
Party Supplies,Party Favors,1,12.0,Minion party favors good for parties,,,EXCLUDE,Out of core secondhand home-goods pricing scope; mostly seasonal/party/parts/accessories. Reconsider if product scope expands.
Seasonal decor,,1,13.3,2 New Ice cream Spoons Talenti,Home Decor,Seasonal Decorations,REVIEW,"In scope as home decor; seasonal or collectible listings may have distinct price dynamics. Review title to distinguish decor from mugs, costumes, and other item types before modeling."
Seasonal decor,Day of the dead,1,45.0,Baxter Day of the Dead,Home Decor,Seasonal Decorations,REVIEW,"In scope as home decor; seasonal or collectible listings may have distinct price dynamics. Review title to distinguish decor from mugs, costumes, and other item types before modeling."
Storage & organization,Laundry storage & organization,1,42.0,MASTERCLASS wooden TEAPOT  1.4QT,Storage & Organization,,REVIEW,Generic/mixed storage listing or miscategorized item.
Storage & organization,Other,1,3.0,Spice Label Stickers,,,EXCLUDE,"Trash bags, labels, and consumables are out of core scope."
Storage & organization,Storage Drawers,1,24.0,"4 -layer kitchen cart, white",Storage & Organization,Storage Shelves & Racks,KEEP,"Check titles: several storage subtypes include empty gift boxes, bags, or hardware components."
Storage & organization,Storage Racks,1,25.0,Boot Rack,Storage & Organization,Storage Shelves & Racks,KEEP,"Check titles: several storage subtypes include empty gift boxes, bags, or hardware components."
Storage & organization,Trash & recycling,1,55.0,HTF Hefty 26-Pack 13-Gallon Energy Hard To Recycle Trash Bag Flap Tie ,,,EXCLUDE,"Trash bags, labels, and consumables are out of core scope."
