item_id,name,c1_name,c2_name,price,item_condition_name,moveon_category,moveon_item_type,proposed_moveon_category,proposed_moveon_item_type,title_review_status,title_rule_ids,title_risk_flags,reviewer_decision,reviewer_category,reviewer_item_type,reviewer_notes
125851731,Air conditioner support,Home appliances,Air conditioners,10,New,Appliances,Air Care & Climate,Appliances,Air Care & Climate,AUTO_CANDIDATE,air_care,,ACCEPT,,,
179802421,"Evaporative Portable Air Conditioner, 3 speeds, 7color LED light 70% Rotation",Home appliances,Air conditioners,15,Like new,Appliances,Air Care & Climate,Appliances,Air Care & Climate,AUTO_CANDIDATE,air_care,,,,,
224837777,Utilitech Electric Space Heater,Home appliances,Space heaters,17,Like new,Appliances,Air Care & Climate,Appliances,Air Care & Climate,AUTO_CANDIDATE,air_care,,,,,
34611808,Shark Air Purifier 4 w,Home appliances,Air purifiers,180,New,Appliances,Air Care & Climate,Appliances,Air Care & Climate,AUTO_CANDIDATE,air_care,,,,,
83423543,TaoTronics Home Air Purifier AP007,Home appliances,Air purifiers,20,New,Appliances,Air Care & Climate,Appliances,Air Care & Climate,AUTO_CANDIDATE,air_care,,,,,
16288851,RAPUNZEL cookie cutter 4475,Kitchen Bakeware,,6,New,Kitchen & Dining,Bakeware,Kitchen & Dining,Bakeware,AUTO_CANDIDATE,bakeware,,ACCEPT,,,
224630667,Disney Mickey Mouse mini cookie cutters,Kitchen Bakeware,,9,New,Kitchen & Dining,Bakeware,Kitchen & Dining,Bakeware,AUTO_CANDIDATE,bakeware,,,,,
26645052,NWT Super Cute Gingerbread Silicone Mold 2023 only 1 available,Kitchen Bakeware,,14,New,Kitchen & Dining,Bakeware,Kitchen & Dining,Bakeware,AUTO_CANDIDATE,bakeware,,,,,
68241199,FRED Gingerdead Men - Cookie Cutter - Skeleton Halloween Gingerbread Punk Goth,Seasonal decor,Halloween,2,Like new,Home Decor,Seasonal Decorations,Kitchen & Dining,Bakeware,AUTO_CANDIDATE,bakeware,,,,,
125656001,Delta Portwood 24 in. Towel Bar in SpotShield Brushed Nickel PWD24-BN,Bath,Bathroom accessories,20,New,Bedding & Bath,Bathroom Accessories,Bedding & Bath,Bathroom Accessories,AUTO_CANDIDATE,bath_accessories,,,,,
172316866,Rose Apothecary Soap Dispenser Schitts Creek,Bath,Bathroom accessories,25,New,Bedding & Bath,Bathroom Accessories,Bedding & Bath,Bathroom Accessories,AUTO_CANDIDATE,bath_accessories,,,,,
191171453,bathroom set,Bath,Bathroom accessories,5,Good,Bedding & Bath,Bathroom Accessories,Bedding & Bath,Bathroom Accessories,AUTO_CANDIDATE,bath_accessories,,,,,
23094920,Kohler Freespin Bellerose 2-in-1 Dual Showerhead & Handshower Polished Chrome,Bath,Bathroom accessories,50,New,Bedding & Bath,Bathroom Accessories,Bedding & Bath,Bathroom Accessories,AUTO_CANDIDATE,bath_accessories,,,,,
73998865,Tropical Fish Towel Bar,Home decor,Home decor accents,12,New,Home Decor,Decorative Accessories,Bedding & Bath,Bathroom Accessories,AUTO_CANDIDATE,bath_accessories,,ACCEPT,,,
93532697,WaterPik Model SM-3UC(S) Shower Massage Powerspray Shower Head w/ Pulsating Mass,Bath,Bathroom accessories,10,New,Bedding & Bath,Bathroom Accessories,Bedding & Bath,Bathroom Accessories,AUTO_CANDIDATE,bath_accessories,,,,,
45105819,Ghost Tree Pumpkin Halloween Hand towels set,Seasonal decor,Halloween,20,New,Home Decor,Seasonal Decorations,Bedding & Bath,Bath Towels,AUTO_CANDIDATE,bath_towels,,,,,
4976530,storage bins price includes 3 bins,Home decor,Home decor accents,40,New,Home Decor,Decorative Accessories,Storage & Organization,Storage Bins & Baskets,AUTO_CANDIDATE,bins_baskets,,ACCEPT,,,
114339158,Twin Reversible comforter,Kids' home store,Kids' bedding,10,Good,Bedding & Bath,Blankets & Comforters,Bedding & Bath,Blankets & Comforters,AUTO_CANDIDATE,blankets,,ACCEPT,,,
116313714,Hello kitty plush blanket halloween,Seasonal decor,Halloween,54,New,Home Decor,Seasonal Decorations,Bedding & Bath,Blankets & Comforters,AUTO_CANDIDATE,blankets,,,,,
120237981,Hello Kitty blanket christmas,Seasonal decor,Christmas,75,New,Home Decor,Seasonal Decorations,Bedding & Bath,Blankets & Comforters,AUTO_CANDIDATE,blankets,,,,,
133987686,PINK GHOST BLANKET TIKTOK,Seasonal decor,Halloween,40,New,Home Decor,Seasonal Decorations,Bedding & Bath,Blankets & Comforters,AUTO_CANDIDATE,blankets,,,,,
171608111,NWT Halloween Hello Kitty Blanket,Seasonal decor,Halloween,90,New,Home Decor,Seasonal Decorations,Bedding & Bath,Blankets & Comforters,AUTO_CANDIDATE,blankets,,ACCEPT,,,
183931859,Jack Home Halloween Dogs in costumes Blanket,Seasonal decor,Halloween,20,New,Home Decor,Seasonal Decorations,Bedding & Bath,Blankets & Comforters,AUTO_CANDIDATE,blankets,,,,,
138453152,Pink Ghost Tumbler,Seasonal decor,Halloween,26,New,Home Decor,Seasonal Decorations,Kitchen & Dining,Bottles & Tumblers,AUTO_CANDIDATE,bottles,,,,,
144033735,Brand New Igloo Vacuum Insulated Stainless Steel 64oz Thermos Jug w/ Twist Lid,Home appliances,Beverage Coolers,20,New,Appliances,,Kitchen & Dining,Bottles & Tumblers,AUTO_CANDIDATE,bottles,,,,,
160970272,Lenox Butterfly metal plastic thermos,Kitchen Coffee & Espresso Makers,,48,Like new,,,Kitchen & Dining,Bottles & Tumblers,AUTO_CANDIDATE,bottles,,,,,
240112258,Hydrapeak tumbler spiderwebs Halloween,Seasonal decor,Halloween,23,New,Home Decor,Seasonal Decorations,Kitchen & Dining,Bottles & Tumblers,AUTO_CANDIDATE,bottles,,,,,
3738482,Nightmare Before Christmas ⋆Sally⋆ Studded Red Tumbler,Seasonal decor,Halloween,33,New,Home Decor,Seasonal Decorations,Kitchen & Dining,Bottles & Tumblers,AUTO_CANDIDATE,bottles,,,,,
104585914,Bath & body works candle bundle,Home decor,Home Candles,8,Like new,Home Decor,Candles,Home Decor,Candles,AUTO_CANDIDATE,candle,,,,,
162210882,Blueberry Marshmallow Bar candle,Home decor,Home Candles,80,New,Home Decor,Candles,Home Decor,Candles,AUTO_CANDIDATE,candle,,,,,
170718898,"Plow & Hearth Adjustable Window Candle with Timer, Set of 2, Battery-Operated",Home decor,Home Candles,29,New,Home Decor,Candles,Home Decor,Candles,AUTO_CANDIDATE,candle,,,,,
179673580,Yankee Candle Autumn Leaves 12 Pack Scented Tea Lights - x4,Home decor,Home fragrance,45,New,Home Decor,Home Fragrance,Home Decor,Candles,AUTO_CANDIDATE,candle,,,,,
199961042,Bath and Body Works everlasting magic 3 wick candle,Home decor,Home Candles,22,New,Home Decor,Candles,Home Decor,Candles,AUTO_CANDIDATE,candle,,,,,
201345697,6x6 flameless candle,Home decor,Home Candles,11,Like new,Home Decor,Candles,Home Decor,Candles,AUTO_CANDIDATE,candle,,ACCEPT,,,
151844339,NEW TIKTOK FAMOUS DONUT STACKED STOOL CHAIR,Home decor,Home decor accents,171,New,Home Decor,Decorative Accessories,Furniture,Chair,AUTO_CANDIDATE,chair,,,,,
209506817,1980s ship clock retro,Home decor,Home decor accents,30,Like new,Home Decor,Decorative Accessories,Home Decor,Clock,AUTO_CANDIDATE,clock,,ACCEPT,,,
241026006,Pioneer woman Beaded Wall Clock brand new!,Home decor,,34,New,Home Decor,Decorative Accessories,Home Decor,Clock,AUTO_CANDIDATE,clock,,,,,
65561702,"Donald Trump Clock, TESTED WORKS, No sound",Home decor,Home decor accents,10,Good,Home Decor,Decorative Accessories,Home Decor,Clock,AUTO_CANDIDATE,clock,,,,,
88510277,Hand carved wooden clock jungle cats,Home decor,Home decor accents,10,Good,Home Decor,Decorative Accessories,Home Decor,Clock,AUTO_CANDIDATE,clock,,,,,
244157518,"2pk 3-Shelf Hanging Closet Organizers w/ Side Pocket 12.2"" D x 12.2"" W x 27.9"" H",Storage & organization,Clothing & closet storage,15,New,Storage & Organization,Closet Organizers,Storage & Organization,Closet Organizers,AUTO_CANDIDATE,closet,,,,,
85672925,wooden hangers (26 Count),Storage & organization,Clothing & closet storage,18,Like new,Storage & Organization,Closet Organizers,Storage & Organization,Closet Organizers,AUTO_CANDIDATE,closet,,,,,
156120346,Keurig k slim + Iced single serve coffee maker,Home appliances,Kitchen appliances,75,New,Appliances,Kitchen Appliance,Appliances,Coffee & Espresso Machine,AUTO_CANDIDATE,coffee_machine,,,,,
20320081,Coffee bean and tea leaf espresso/coffee maker,Kitchen Coffee & Espresso Makers,,72,Good,,,Appliances,Coffee & Espresso Machine,AUTO_CANDIDATE,coffee_machine,,,,,
209239366,"Keurig K-Supreme SMART Coffee Maker, Brews 6-12oz Cup Sizes, Gray",Kitchen Coffee & Espresso Makers,,99.99,Good,,,Appliances,Coffee & Espresso Machine,AUTO_CANDIDATE,coffee_machine,,,,,
230044473,Ninja Specialty Coffee Maker,Kitchen Coffee & Espresso Makers,,162,New,,,Appliances,Coffee & Espresso Machine,AUTO_CANDIDATE,coffee_machine,,,,,
35019367,"Keurig K-Cafe Single-Serve K-Cup Coffee Maker, Latte Maker and Cappuccino Maker,",Kitchen Coffee & Espresso Makers,,91,New,,,Appliances,Coffee & Espresso Machine,AUTO_CANDIDATE,coffee_machine,,,,,
49108746,Keurig Coffee Maker,Kitchen Coffee & Espresso Makers,,32,Good,,,Appliances,Coffee & Espresso Machine,AUTO_CANDIDATE,coffee_machine,,,,,
124261474,Iron Skillet Pans,Kitchen Cookware,,11,New,Kitchen & Dining,Cookware,Kitchen & Dining,Cookware,AUTO_CANDIDATE,cookware,,,,,
18184002,Marth Stewart Dutch Oven,Kitchen Cookware,,20,Good,Kitchen & Dining,Cookware,Kitchen & Dining,Cookware,AUTO_CANDIDATE,cookware,,,,,
67387665,Roaster Comet xl 3 pc vented top lock handles 18 in aluminum roaster,Kitchen Cookware,,24,Good,Kitchen & Dining,Cookware,Kitchen & Dining,Cookware,AUTO_CANDIDATE,cookware,,,,,
7720387,Le creuset xl #43 roaster with lid,Kitchen Cookware,,260,Good,Kitchen & Dining,Cookware,Kitchen & Dining,Cookware,AUTO_CANDIDATE,cookware,,,,,
8141932,Masterclass cookware  healthy option white skillet set,Kitchen Cookware,,93,New,Kitchen & Dining,Cookware,Kitchen & Dining,Cookware,AUTO_CANDIDATE,cookware,,,,,
35927877,Green curtains window,Home decor,Home decor accents,20,Good,Home Decor,Decorative Accessories,Home Decor,Curtains & Window Treatments,AUTO_CANDIDATE,curtain,,,,,
147951315,Santa claus buste statue,Seasonal decor,Christmas,53,New,Home Decor,Seasonal Decorations,Home Decor,Decorative Accessories,AUTO_CANDIDATE,decorative_accessory,,,,,
235462835,Ghost candelabra,Seasonal decor,Halloween,36,New,Home Decor,Seasonal Decorations,Home Decor,Decorative Accessories,AUTO_CANDIDATE,decorative_accessory,,,,,
26451560,Persephone Veronese Statue,Home decor,Home decor accents,35,Good,Home Decor,Decorative Accessories,Home Decor,Decorative Accessories,AUTO_CANDIDATE,decorative_accessory,,,,,
48000103,McCarty Pottery,Home decor,Home decor accents,75,Like new,Home Decor,Decorative Accessories,Home Decor,Decorative Accessories,AUTO_CANDIDATE,decorative_accessory,,,,,
54270610,Headless Horseman Statue,Seasonal decor,Halloween,39,New,Home Decor,Seasonal Decorations,Home Decor,Decorative Accessories,AUTO_CANDIDATE,decorative_accessory,,,,,
58261981,Halloween Hocus Pocus Witch Broom Broomstick Wooden Tiered Tray Stand Display,Seasonal decor,Halloween,65,New,Home Decor,Seasonal Decorations,Home Decor,Decorative Accessories,AUTO_CANDIDATE,decorative_accessory,,,,,
153268957,NWT Halloween Black Cat + Jack-O-Lantern Throw Pillows,Seasonal decor,Halloween,12,New,Home Decor,Seasonal Decorations,Home Decor,Decorative Pillow,AUTO_CANDIDATE,decorative_pillow,,,,,
168517929,Halloween Haunted House Decorative Pillow,Seasonal decor,Halloween,27,New,Home Decor,Seasonal Decorations,Home Decor,Decorative Pillow,AUTO_CANDIDATE,decorative_pillow,,,,,
229398036,Halloween Haunted House Throw Pillow ‼️,Seasonal decor,Halloween,48,New,Home Decor,Seasonal Decorations,Home Decor,Decorative Pillow,AUTO_CANDIDATE,decorative_pillow,,,,,
96733373,Standing Desk,Home Office Furniture,,95,Good,Furniture,Desk,Furniture,Desk,AUTO_CANDIDATE,desk,,,,,
110530971,Corelle 16pc Square Dinnerware,Kitchen Dinnerware,,61,New,Kitchen & Dining,Dinnerware,Kitchen & Dining,Dinnerware,AUTO_CANDIDATE,dinnerware,,,,,
136826949,Witch Coven Halloween 4 Dinner Plates Dinnerware,Seasonal decor,Halloween,55,New,Home Decor,Seasonal Decorations,Kitchen & Dining,Dinnerware,AUTO_CANDIDATE,dinnerware,,,,,
140443777,Pilgrims Harvest American Atelier Dinner Plate Turkey Cornucopia Thanksgiving,Kitchen Dinnerware,,14.25,Good,Kitchen & Dining,Dinnerware,Kitchen & Dining,Dinnerware,AUTO_CANDIDATE,dinnerware,,,,,
182857890,Johnson Brothers England Summer Chintz Square Cereal Bowls Soup 6 1/8” Lot of 2,Kitchen Dinnerware,,17,Good,Kitchen & Dining,Dinnerware,Kitchen & Dining,Dinnerware,AUTO_CANDIDATE,dinnerware,,,,,
240540403,Better Homes and Gardens Harvest plates,Kitchen Dinnerware,,20,Like new,Kitchen & Dining,Dinnerware,Kitchen & Dining,Dinnerware,AUTO_CANDIDATE,dinnerware,,,,,
85590514,Pamper chef mixing bowls,Kitchen Dinnerware,,39,Good,Kitchen & Dining,Dinnerware,Kitchen & Dining,Dinnerware,AUTO_CANDIDATE,dinnerware,,,,,
104750118,ACOTAR feyre dresser,Home decor,Home decor accents,15,Like new,Home Decor,Decorative Accessories,Furniture,Dresser,AUTO_CANDIDATE,dresser,,,,,
186981472,BOO! Ghost Cookie Jar by Johanna Parker,Seasonal decor,Halloween,34.2,New,Home Decor,Seasonal Decorations,Kitchen & Dining,Food Storage,AUTO_CANDIDATE,food_storage,,,,,
192098595,Hearth and Hand Coffee Canister,Kitchen Coffee & Espresso Makers,,30,Like new,,,Kitchen & Dining,Food Storage,AUTO_CANDIDATE,food_storage,,,,,
216261198,Johanna Parker Uncle Sam cookie jar,Home decor,Home decor accents,34,New,Home Decor,Decorative Accessories,Kitchen & Dining,Food Storage,AUTO_CANDIDATE,food_storage,,,,,
25166595,Mickey Mouse Ghost cookie jar,Seasonal decor,Halloween,38,New,Home Decor,Seasonal Decorations,Kitchen & Dining,Food Storage,AUTO_CANDIDATE,food_storage,,,,,
61026853,Mandalorian Baby Yoda Grogu Cookie Jar,Home decor,Other,28,New,Home Decor,Decorative Accessories,Kitchen & Dining,Food Storage,AUTO_CANDIDATE,food_storage,,,,,
65251142,Tupperware Cake Taker,Kitchen Dinnerware,,19,Good,Kitchen & Dining,Dinnerware,Kitchen & Dining,Food Storage,AUTO_CANDIDATE,food_storage,,,,,
118480908,Patchouli fragrance oil,Home decor,Home fragrance,13,New,Home Decor,Home Fragrance,Home Decor,Home Fragrance,AUTO_CANDIDATE,home_fragrance,,,,,
211491069,"Scentsy  Churro, Churro! Room Spray",Home decor,Home fragrance,12,New,Home Decor,Home Fragrance,Home Decor,Home Fragrance,AUTO_CANDIDATE,home_fragrance,,,,,
227561398,Bath and Body Works Vampire Blood Concentrated Room Spray Bundle,Home decor,Home Candles,21.85,New,Home Decor,Candles,Home Decor,Home Fragrance,AUTO_CANDIDATE,home_fragrance,,,,,
25854688,Essential oils,Home decor,Home fragrance,10,Like new,Home Decor,Home Fragrance,Home Decor,Home Fragrance,AUTO_CANDIDATE,home_fragrance,,,,,
31438282,x3 LINEN & LAVENDER Room Spray B&BW,Home decor,Home fragrance,27,New,Home Decor,Home Fragrance,Home Decor,Home Fragrance,AUTO_CANDIDATE,home_fragrance,,,,,
78779856,Disney fragrance oils,Home decor,Home fragrance,14,New,Home Decor,Home Fragrance,Home Decor,Home Fragrance,AUTO_CANDIDATE,home_fragrance,,,,,
131773265,Jewelry organizer for hanging,Storage & organization,Jewelry boxes & organizers,6,Good,Storage & Organization,Jewelry Storage,Storage & Organization,Jewelry Storage,AUTO_CANDIDATE,jewelry_storage,,,,,
197658394,Watch and jewelry organizer,Storage & organization,Jewelry boxes & organizers,20,Like new,Storage & Organization,Jewelry Storage,Storage & Organization,Jewelry Storage,AUTO_CANDIDATE,jewelry_storage,,,,,
203457764,Empty Zales ring boxes,Storage & organization,Jewelry boxes & organizers,14.25,Like new,Storage & Organization,Jewelry Storage,Storage & Organization,Jewelry Storage,AUTO_CANDIDATE,jewelry_storage,,ACCEPT,,,
132029487,Ghost waffle maker,Seasonal decor,Halloween,23,New,Home Decor,Seasonal Decorations,Appliances,Kitchen Appliance,AUTO_CANDIDATE,kitchen_appliance,,,,,
178952646,KitchenAid (KSB1575BY) 5-Speed Diamond Blender Color: Boysenberry,Home appliances,Kitchen appliances,119,New,Appliances,Kitchen Appliance,Appliances,Kitchen Appliance,AUTO_CANDIDATE,kitchen_appliance,,,,,
179966695,KitchenAid Artisan Design Series Tilt-Head Stand Mixer,Home appliances,Kitchen appliances,200,New,Appliances,Kitchen Appliance,Appliances,Kitchen Appliance,AUTO_CANDIDATE,kitchen_appliance,,,,,
216747917,2 lb. Multifunctional Bread Maker,Kitchen Small Appliances,,79,New,Appliances,Kitchen Appliance,Appliances,Kitchen Appliance,AUTO_CANDIDATE,kitchen_appliance,,,,,
80092273,Farberware Open Hearth Broiler Rotisserie Mod 455N Electric Indoor Grill Tested,Kitchen Small Appliances,Other Small Appliances,49,Good,Appliances,Kitchen Appliance,Appliances,Kitchen Appliance,AUTO_CANDIDATE,kitchen_appliance,,,,,
97384837,KitchenAid Hand Blender - Silver,Home appliances,Kitchen appliances,30,Good,Appliances,Kitchen Appliance,Appliances,Kitchen Appliance,AUTO_CANDIDATE,kitchen_appliance,,,,,
140826001,Measuring cups,Seasonal decor,Halloween,38,New,Home Decor,Seasonal Decorations,Kitchen & Dining,Kitchen Utensils & Tools,AUTO_CANDIDATE,kitchen_tools,,,,,
165741789,Cheese grater,Kitchen Cookware,,3,New,Kitchen & Dining,Cookware,Kitchen & Dining,Kitchen Utensils & Tools,AUTO_CANDIDATE,kitchen_tools,,,,,
183941719,Peanuts SNOOPY x RAE DUNN 2023 Halloween measuring cups,Seasonal decor,Halloween,61,New,Home Decor,Seasonal Decorations,Kitchen & Dining,Kitchen Utensils & Tools,AUTO_CANDIDATE,kitchen_tools,,,,,
22920790,Food grinder attachments,Kitchen Gadgets & Tools,Other Kitchen Gadgets & Tools,34,New,Kitchen & Dining,Kitchen Utensils & Tools,Kitchen & Dining,Kitchen Utensils & Tools,AUTO_CANDIDATE,kitchen_tools,,,,,
87496693,SUPREME CHOPSTICKS RED ACCESSORY W/ BOX LOGO,Kitchen Utensils,Other Kitchen Utensils,38,New,Kitchen & Dining,Kitchen Utensils & Tools,Kitchen & Dining,Kitchen Utensils & Tools,AUTO_CANDIDATE,kitchen_tools,,,,,
98029594,Master Class Gingerbread Man Cheese/Cutting Board,Seasonal decor,Christmas,35,New,Home Decor,Seasonal Decorations,Kitchen & Dining,Kitchen Utensils & Tools,AUTO_CANDIDATE,kitchen_tools,,,,,
107943511,New Restoration Hardware Edison Perforated Tall Sconce Aged Antique Open Box.,Home decor,Home decor accents,141,Good,Home Decor,Decorative Accessories,Home Decor,Lamp & Lighting,AUTO_CANDIDATE,lamp,,,,,
196674422,DIsney Mickey Mouse LED Mood Light,Kids' home store,Kids' room décor,10,New,,,Home Decor,Lamp & Lighting,AUTO_CANDIDATE,lamp,,,,,
39145002,ShiJia Moooni Modern 8 Lights Rectangular Crystal Chandelier ((245.00+VALUE))),Home decor,Home decor accents,133,New,Home Decor,Decorative Accessories,Home Decor,Lamp & Lighting,AUTO_CANDIDATE,lamp,,,,,
5045277,Cherub lamp,Home decor,Home decor accents,21,Good,Home Decor,Decorative Accessories,Home Decor,Lamp & Lighting,AUTO_CANDIDATE,lamp,,,,,
84025029,Genie lamp decor,Home decor,,11,New,Home Decor,Decorative Accessories,Home Decor,Lamp & Lighting,AUTO_CANDIDATE,lamp,,,,,
89989087,Fire-breathing Dragon Lamp or Night Light 3D-printed fire glowing lamp,Kids' home store,Kids' room décor,24,New,,,Home Decor,Lamp & Lighting,AUTO_CANDIDATE,lamp,,,,,
61834412,Dash Microwave Popcorn,Kitchen Cookware,Other Cookware,7,Like new,Kitchen & Dining,Cookware,Appliances,Microwave,AUTO_CANDIDATE,microwave,,,,,
112558955,Beautiful gold frame mirror,Home decor,Home decor accents,15,Like new,Home Decor,Decorative Accessories,Home Decor,Mirror,AUTO_CANDIDATE,mirror,,,,,
135906711,Halloween Gothic Skull With Roses Gold Toned Mirror,Seasonal decor,Halloween,40,New,Home Decor,Seasonal Decorations,Home Decor,Mirror,AUTO_CANDIDATE,mirror,,,,,
39739282,Display curio cabinet with mirror,Home decor,Home decor accents,25,Good,Home Decor,Decorative Accessories,Home Decor,Mirror,AUTO_CANDIDATE,mirror,,,,,
110010987,Rae Dunn coffee mugs,Kitchen Coffee & Espresso Makers,,38,Like new,,,Kitchen & Dining,Mugs & Cups,AUTO_CANDIDATE,mugs,,ACCEPT,,,
127663982,Scorpio Mug,Kitchen Coffee & Espresso Makers,,10,Like new,,,Kitchen & Dining,Mugs & Cups,AUTO_CANDIDATE,mugs,,ACCEPT,,,
160132535,Ghost Mug,Seasonal decor,Halloween,20,Like new,Home Decor,Seasonal Decorations,Kitchen & Dining,Mugs & Cups,AUTO_CANDIDATE,mugs,,ACCEPT,,,
162097090,Peppermint and Pine Gingerbread Mug,Seasonal decor,Christmas,18,New,Home Decor,Seasonal Decorations,Kitchen & Dining,Mugs & Cups,AUTO_CANDIDATE,mugs,,ACCEPT,,,
185999475,Halloween Johanna Parker x Carnival Cottage Candy Corn Sugar Creamer with Mug,Seasonal decor,Halloween,65,New,Home Decor,Seasonal Decorations,Kitchen & Dining,Mugs & Cups,AUTO_CANDIDATE,mugs,,ACCEPT,,,
220261391,"Cobwebs & Cauldrons Iridescent White Skull Shaped Ceramic Mug with butterfly,new",Seasonal decor,Halloween,12,New,Home Decor,Seasonal Decorations,Kitchen & Dining,Mugs & Cups,AUTO_CANDIDATE,mugs,,,,,
229580576,Walt Disney World Photo Album,Home decor,Photo Albums,20,Like new,Home Decor,Photo Albums,Home Decor,Photo Albums,AUTO_CANDIDATE,photo_album,,,,,
106333134,Titan Motorhome Fridge Fan,Home appliances,Refrigerators,42,Like new,Appliances,Refrigerator,Appliances,Refrigerator,AUTO_CANDIDATE,refrigerator,,,,,
211275074,"Portable Retro Extra Large 9-Can Capacity Mini Refrigerator, Pink",Home appliances,Refrigerators,90,New,Appliances,Refrigerator,Appliances,Refrigerator,AUTO_CANDIDATE,refrigerator,,,,,
37629362,Corona extra mini fridge,Home appliances,Refrigerators,44,New,Appliances,Refrigerator,Appliances,Refrigerator,AUTO_CANDIDATE,refrigerator,,,,,
11821919,Hand Painted “Welcome” Coir Doormat,Home decor,Home decor accents,20,New,Home Decor,Decorative Accessories,Home Decor,Rug & Mat,AUTO_CANDIDATE,rug,,,,,
115471444,"24” Scary sound Black Cat Blowmold New color changing eyes , SPOOKY Halloween",Seasonal decor,Halloween,40.85,Like new,Home Decor,Seasonal Decorations,Home Decor,Seasonal Decorations,AUTO_CANDIDATE,seasonal_object,,,,,
122963098,2020 hallmark ornaments cockatiel birds,Seasonal decor,Christmas,50,New,Home Decor,Seasonal Decorations,Home Decor,Seasonal Decorations,AUTO_CANDIDATE,seasonal_object,,,,,
162562882,Hello Kitty Christmas Inflatable Holiday Decoration,Seasonal decor,Christmas,46,New,Home Decor,Seasonal Decorations,Home Decor,Seasonal Decorations,AUTO_CANDIDATE,seasonal_object,,,,,
224113517,GINGERBREAD STOCKINGS,Seasonal decor,Christmas,60,New,Home Decor,Seasonal Decorations,Home Decor,Seasonal Decorations,AUTO_CANDIDATE,seasonal_object,,,,,
7015468,Lot of 30 Studio McGee Style DUPE Velvet Flocked Ball Christmas Ornament set,Seasonal decor,Christmas,115,New,Home Decor,Seasonal Decorations,Home Decor,Seasonal Decorations,AUTO_CANDIDATE,seasonal_object,,,,,
78026792,Disney Winnie the Pooh & Tigger light up pumpkins jack o lantern Halloween decor,Seasonal decor,Halloween,50.29,Good,Home Decor,Seasonal Decorations,Home Decor,Seasonal Decorations,AUTO_CANDIDATE,seasonal_object,,,,,
147710476,Labrador Retriever Puppy Salt and Pepper Shaker Holder With Clear Shakers,Kitchen & dining,,40,New,Kitchen & Dining,,Kitchen & Dining,Servingware,AUTO_CANDIDATE,serveware,,,,,
198185507,Honey Bee Pitcher,Kitchen Dinnerware,,20,New,Kitchen & Dining,Dinnerware,Kitchen & Dining,Servingware,AUTO_CANDIDATE,serveware,,,,,
223796010,Santa serving set,Seasonal decor,Christmas,13,Like new,Home Decor,Seasonal Decorations,Kitchen & Dining,Servingware,AUTO_CANDIDATE,serveware,,,,,
238004466,halloween salt and pepper shakers,Seasonal decor,Halloween,10.29,Good,Home Decor,Seasonal Decorations,Kitchen & Dining,Servingware,AUTO_CANDIDATE,serveware,,,,,
32230620,Rae Dunn fresh cow pitcher,Seasonal decor,Halloween,54,New,Home Decor,Seasonal Decorations,Kitchen & Dining,Servingware,AUTO_CANDIDATE,serveware,,,,,
7239485,New Temptations salt and pepper shakers,Seasonal decor,Christmas,22,Like new,Home Decor,Seasonal Decorations,Kitchen & Dining,Servingware,AUTO_CANDIDATE,serveware,,,,,
200393314,New hocus-pocus Disney trick or treat pillowcase 30” x 20” Sanderson sisters,Seasonal decor,Halloween,15.34,New,Home Decor,Seasonal Decorations,Bedding & Bath,Sheets & Pillowcases,AUTO_CANDIDATE,sheets,,,,,
233005995,Peanuts SNOOPY Christmas QUEEN sheet set,Seasonal decor,Christmas,37,New,Home Decor,Seasonal Decorations,Bedding & Bath,Sheets & Pillowcases,AUTO_CANDIDATE,sheets,,,,,
32592151,Betsey Johnson Pink Bat Sheet Set,Seasonal decor,Halloween,46,New,Home Decor,Seasonal Decorations,Bedding & Bath,Sheets & Pillowcases,AUTO_CANDIDATE,sheets,,,,,
47736364,Betsey Johnson Halloween haunted skulls & roses standard pillowcases,Seasonal decor,Halloween,15,New,Home Decor,Seasonal Decorations,Bedding & Bath,Sheets & Pillowcases,AUTO_CANDIDATE,sheets,,,,,
17532218,20” Carved Solid Wood Swan End Table Dana 2,Home decor,Home decor accents,145,Like new,Home Decor,Decorative Accessories,Furniture,Table,AUTO_CANDIDATE,table,,ACCEPT,,,
193020973,Costa Mesa Round Rattan Wrapped Accent Table Tan - Threshold™ designed with Stud,Living Room Furniture,,90,New,Furniture,,Furniture,Table,AUTO_CANDIDATE,table,,,,,
124351281,Woven beaided farmhouse / primitive heart placemat,Home decor,Home decor accents,10,Like new,Home Decor,Decorative Accessories,Kitchen & Dining,Kitchen & Table Linens,AUTO_CANDIDATE,table_linens,,,,,
168697097,X2 Way To Celebrate ghost Peva tablecloth,Seasonal decor,Halloween,5,New,Home Decor,Seasonal Decorations,Kitchen & Dining,Kitchen & Table Linens,AUTO_CANDIDATE,table_linens,,,,,
169241055,6 Pack Dusty Blue Cheesecloth Table Runner Gauze Table Runner 10FT Long Semi-She,Home decor,Home decor accents,25,New,Home Decor,Decorative Accessories,Kitchen & Dining,Kitchen & Table Linens,AUTO_CANDIDATE,table_linens,,,,,
191481683,Fashion Interiors summer beach theme cotton tablecloth 60x84 shells birds floral,Home decor,Other,17,Like new,Home Decor,Decorative Accessories,Kitchen & Dining,Kitchen & Table Linens,AUTO_CANDIDATE,table_linens,,,,,
35329720,pimpernel set of 4 Santa hardboard placemats,Seasonal decor,Christmas,22,Like new,Home Decor,Seasonal Decorations,Kitchen & Dining,Kitchen & Table Linens,AUTO_CANDIDATE,table_linens,,,,,
47755054,Martha Stewart Christmas Red Gingerbread Kitchen Towels Set Of 2-Mini Oven Mitts,Seasonal decor,Christmas,19,New,Home Decor,Seasonal Decorations,Kitchen & Dining,Kitchen & Table Linens,AUTO_CANDIDATE,table_linens,,,,,
172958419,Halloween Witch Decor Jointed Felt  Wall Hanging  Friendly Spook  Decoration,Seasonal decor,Halloween,10,Like new,Home Decor,Seasonal Decorations,Home Decor,Wall Art & Frames,AUTO_CANDIDATE,wall_art,,,,,
185654039,Corvette evolution wall art C1 C3 C7 embossed metal,Home decor,,29,Like new,Home Decor,Decorative Accessories,Home Decor,Wall Art & Frames,AUTO_CANDIDATE,wall_art,,,,,
216142229,Floral Wall Art,Home decor,Home decor accents,12,Good,Home Decor,Decorative Accessories,Home Decor,Wall Art & Frames,AUTO_CANDIDATE,wall_art,,,,,
32655512,Hello Kitty halloween wall decor,Seasonal decor,Halloween,22,New,Home Decor,Seasonal Decorations,Home Decor,Wall Art & Frames,AUTO_CANDIDATE,wall_art,,,,,
82871561,"14"" x 18"" Evergreen Oval Framed Wall Art - Threshold™ designed with Studio McGee",Home decor,Home decor accents,85,New,Home Decor,Decorative Accessories,Home Decor,Wall Art & Frames,AUTO_CANDIDATE,wall_art,,,,,
84000943,Antique Sweet Home Metal Tin Signs Retro Bar Home Pub Wall Decor Art Poster,Home decor,Home decor accents,13,New,Home Decor,Decorative Accessories,Home Decor,Wall Art & Frames,AUTO_CANDIDATE,wall_art,,,,,
25649039,PartyLite Enchanted Woodland Silver Trees Candle Sleeve Cover Votive Hurricane,Home decor,Home decor accents,18,Good,Home Decor,Decorative Accessories,Home Decor,Candles,MANUAL_REVIEW,candle,possibly_holder_not_object,UNSURE,,,looks like a holder
35502095,Vintage Erzgebirge Expertic Wooden Carousel Candle Holder Windmill Germany,Seasonal decor,Christmas,50,Good,Home Decor,Seasonal Decorations,Home Decor,Decorative Accessories,MANUAL_REVIEW,decorative_accessory,collectible_or_rare;possibly_holder_not_object,REJECT,,,
111781470,"Vintage Fused glass 10 1/2”  bowl, Pansies, by Peggy Karr",Home decor,Home decor accents,14,Like new,Home Decor,Decorative Accessories,Kitchen & Dining,Dinnerware,MANUAL_REVIEW,dinnerware,collectible_or_rare,ACCEPT,,,
1117286,Home Decor,Home decor,Home decor accents,16,New,Home Decor,Decorative Accessories,Home Decor,Decorative Accessories,MANUAL_REVIEW,none,,,,,
112020350,Misting Halloween cauldron,Seasonal decor,Halloween,56,New,Home Decor,Seasonal Decorations,Home Decor,Seasonal Decorations,MANUAL_REVIEW,none,,,,,
112604091,"GE Buffet Server Insert, Food Warmer, Pot Luck, Warming Tray, Picnic",Kitchen Small Appliances,,4,New,Appliances,Kitchen Appliance,Appliances,Kitchen Appliance,MANUAL_REVIEW,none,,,,,
126450464,Halloween X-Large old person hands,Seasonal decor,Halloween,13,Good,Home Decor,Seasonal Decorations,Home Decor,Seasonal Decorations,MANUAL_REVIEW,none,,,,,
132586966,Lenox Color Changing Lit Santa,Seasonal decor,Christmas,13,New,Home Decor,Seasonal Decorations,Home Decor,Seasonal Decorations,MANUAL_REVIEW,none,,,,,
159228408,Wsu mascot bundle (2 orn),Seasonal decor,Christmas,28,New,Home Decor,Seasonal Decorations,Home Decor,Seasonal Decorations,MANUAL_REVIEW,none,,,,,
159790273,Rae dunn He is Risen,Home decor,Home decor accents,33,Like new,Home Decor,Decorative Accessories,Home Decor,Decorative Accessories,MANUAL_REVIEW,none,,,,,
163603279,Mr and Mrs 2023 Fall Pumpkin With Gold Stem,Home decor,Home decor accents,30,New,Home Decor,Decorative Accessories,Home Decor,Decorative Accessories,MANUAL_REVIEW,none,,,,,
164556331,"Zippo Lighter,No 1658 Jade Ultralite, Used, Needs Fuel, Bradford PA",Home decor,Home decor accents,30,Good,Home Decor,Decorative Accessories,Home Decor,Decorative Accessories,MANUAL_REVIEW,none,,,,,
173556984,RARE le creuset salt pig salt keeper in matte sea salt,Kitchen & dining,Other,38,Good,Kitchen & Dining,,Kitchen & Dining,,MANUAL_REVIEW,none,collectible_or_rare,CORRECT,,Servingware,
177828070,2 NEW SCENTSY BITTY BUDDY BUNDLE FLAMINGO & COCKATOO MAKE A SPLASH,Home decor,Home fragrance,16,New,Home Decor,Home Fragrance,Home Decor,Home Fragrance,MANUAL_REVIEW,none,,,,,
184452743,New Target light up ghost Halloween Playground Jack o Lantern NWT HTF,Seasonal decor,Halloween,13.72,New,Home Decor,Seasonal Decorations,Home Decor,Seasonal Decorations,MANUAL_REVIEW,none,,,,,
195982423,Target Bird,Home decor,Home decor accents,12,New,Home Decor,Decorative Accessories,Home Decor,Decorative Accessories,MANUAL_REVIEW,none,,,,,
200945214,ZURN Z6918 AQUASENSE SENSOR FAUCET INTERNAL BATTERY NIB,Bath,Bathroom accessories,149,New,Bedding & Bath,Bathroom Accessories,Bedding & Bath,Bathroom Accessories,MANUAL_REVIEW,none,,,,,
216043954,Two Halloween Skull Pillows,Seasonal decor,Halloween,60,New,Home Decor,Seasonal Decorations,Home Decor,Seasonal Decorations,MANUAL_REVIEW,none,,,,,
217781721,Bath and body works sparkling berries & pears,Home decor,Home Candles,30,Like new,Home Decor,Candles,Home Decor,Candles,MANUAL_REVIEW,none,,,,,
244777174,Bat sponge holder,Seasonal decor,Halloween,6,New,Home Decor,Seasonal Decorations,Home Decor,Seasonal Decorations,MANUAL_REVIEW,none,,,,,
3002271,Scentsy Disney Mickey Mouse Jack-O’-Lantern Warmer,Home decor,Home fragrance,85.74,New,Home Decor,Home Fragrance,Home Decor,Home Fragrance,MANUAL_REVIEW,none,,,,,
87259845,Ghost mask Party Mask!,Seasonal decor,Halloween,25,Good,Home Decor,Seasonal Decorations,Home Decor,Seasonal Decorations,MANUAL_REVIEW,none,,,,,
88333152,Mermaid inflatable Buffet Serving Cooler,Home appliances,Beverage Coolers,12,New,Appliances,,Appliances,,MANUAL_REVIEW,none,,,,,
99436032,HOLD FOR ROBENG57 Grinch Christmas Photo Props | Assorted | 13 Pcs,Seasonal decor,Christmas,19,Like new,Home Decor,Seasonal Decorations,Home Decor,Seasonal Decorations,MANUAL_REVIEW,none,,,,,